variation_id,name,gene_symbol,clinical_significance,review_status,condition,variant_type,cdna_change,protein_change,rs_id,last_updated
6831,NM_203486.3(DLL3):c.1291_1307dup (p.Pro437fs),DLL3,Pathogenic,"criteria provided, single submitter",,,c.1291_1307dup,,rs777791545,
6832,NM_203486.3(DLL3):c.618del (p.Cys207fs),DLL3,Pathogenic,"criteria provided, multiple submitters, no conflicts",,,c.618del,,rs786200902,
4851044,GRCh37/hg19 19q11-13.2(chr19:28271106-43255204)x3,ACP7,Pathogenic,"criteria provided, single submitter",,,GRCh37/hg19 19q11-13.2(chr19:28271106-43255204)x3,,,
2709025,NM_203486.3(DLL3):c.347G>A (p.Trp116Ter),DLL3,Pathogenic,"criteria provided, single submitter",,,c.347G>A,,rs2514640200,
2736891,NM_203486.3(DLL3):c.602_614dup (p.Pro206fs),DLL3,Pathogenic,"criteria provided, multiple submitters, no conflicts",,,c.602_614dup,,rs2079619560,
2701337,NM_203486.3(DLL3):c.201del (p.Leu68fs),DLL3,Pathogenic,"criteria provided, single submitter",,,c.201del,,rs776960175,
2769821,NM_203486.3(DLL3):c.1157dup (p.Arg387fs),DLL3,Pathogenic,"criteria provided, single submitter",,,c.1157dup,,rs1208569498,
2720894,NM_203486.3(DLL3):c.559dup (p.Cys187fs),LOC130064417,Pathogenic,"criteria provided, single submitter",,,c.559dup,,rs1264168702,
2098742,NM_203486.3(DLL3):c.882del (p.Arg294fs),DLL3,Pathogenic,"criteria provided, single submitter",,,c.882del,,rs2514646442,
2098741,NM_203486.3(DLL3):c.596_608dup (p.Leu204fs),DLL3,Pathogenic,"criteria provided, single submitter",,,c.596_608dup,,rs2514644127,
2756605,NM_203486.3(DLL3):c.1394_1395del (p.Glu465fs),DLL3,Pathogenic,"criteria provided, single submitter",,,c.1394_1395del,,rs2514649349,
4617415,NM_203486.3(DLL3):c.1365_1381del (p.Cys455fs),DLL3,Pathogenic,"criteria provided, single submitter",,,c.1365_1381del,,,
2865637,NM_203486.3(DLL3):c.785del (p.Gly262fs),DLL3,Pathogenic,"criteria provided, single submitter",,,c.785del,,rs35667374,
2864342,NM_203486.3(DLL3):c.558del (p.Cys187fs),DLL3,Pathogenic,"criteria provided, single submitter",,,c.558del,,rs2514643983,
2848381,NM_203486.3(DLL3):c.1282G>T (p.Glu428Ter),DLL3,Pathogenic,"criteria provided, single submitter",,,c.1282G>T,,rs2079646844,
1705307,NM_203486.3(DLL3):c.1339_1340insT (p.His447fs),DLL3,Pathogenic,"criteria provided, single submitter",,,c.1339_1340insT,,rs2514649158,
1074987,NM_203486.3(DLL3):c.637G>T (p.Glu213Ter),DLL3,Pathogenic,"criteria provided, single submitter",,,c.637G>T,,rs770329421,
2976430,NM_203486.3(DLL3):c.1472_1473delinsGA (p.Tyr491Ter),DLL3,Pathogenic,"criteria provided, single submitter",,,c.1472_1473delinsGA,,rs2514649574,
3002344,NM_203486.3(DLL3):c.373G>T (p.Glu125Ter),DLL3,Pathogenic,"criteria provided, single submitter",,,c.373G>T,,rs770966935,
1332772,NM_203486.3(DLL3):c.871-1G>A,DLL3,Pathogenic,"criteria provided, single submitter",,,NM_203486.3(DLL3):c.871-1G>A,,rs2144761828,
1330177,GRCh37/hg19 19p13.11-q13.2(chr19:19546923-41313229)x3,FBL,Pathogenic,"criteria provided, single submitter",,,GRCh37/hg19 19p13.11-q13.2(chr19:19546923-41313229)x3,,,
2958779,NM_203486.3(DLL3):c.325C>T (p.Gln109Ter),DLL3,Pathogenic,"criteria provided, single submitter",,,c.325C>T,,rs2079597067,
1457773,NM_203486.3(DLL3):c.530_531del (p.Arg177fs),DLL3,Pathogenic,"criteria provided, single submitter",,,c.530_531del,,rs1271691132,
2919568,NM_203486.3(DLL3):c.211G>T (p.Glu71Ter),DLL3,Pathogenic,"criteria provided, single submitter",,,c.211G>T,,rs1243748540,
632312,NM_203486.3(DLL3):c.602del (p.Gly201fs),LOC130064417,Pathogenic,"criteria provided, single submitter",,,c.602del,,rs1293908408,
632311,NM_203486.3(DLL3):c.395del (p.Gly132fs),DLL3,Pathogenic,"criteria provided, multiple submitters, no conflicts",,,c.395del,,rs761454301,
3617733,NM_203486.3(DLL3):c.1392_1393del (p.Cys464_Glu465delinsTer),DLL3,Pathogenic,"criteria provided, single submitter",,,c.1392_1393del,,,
3242702,NC_000019.9:g.(?_39989615)_(39998653_?)del,DLL3,Pathogenic,"criteria provided, single submitter",,,NC_000019.9:g.(?_39989615)_(39998653_?)del,,,
685025,GRCh37/hg19 19q11-13.33(chr19:28271106-49213832)x3,ACP7,Pathogenic,no assertion criteria provided,,,GRCh37/hg19 19q11-13.33(chr19:28271106-49213832)x3,,,
3242703,NC_000019.9:g.(?_39989615)_(39991332_?)del,DLL3,Pathogenic,"criteria provided, single submitter",,,NC_000019.9:g.(?_39989615)_(39991332_?)del,,,
3020631,NM_203486.3(DLL3):c.1078C>T (p.Gln360Ter),DLL3,Pathogenic,"criteria provided, single submitter",,,c.1078C>T,,rs2514646860,
3062386,GRCh37/hg19 19q11-13.2(chr19:28271146-41508851)x3,COQ8B,Pathogenic,"criteria provided, single submitter",,,GRCh37/hg19 19q11-13.2(chr19:28271146-41508851)x3,,,
253452,GRCh37/hg19 19q13.12-13.2(chr19:37582250-41630908)x3,ACP7,Pathogenic,"criteria provided, single submitter",,,GRCh37/hg19 19q13.12-13.2(chr19:37582250-41630908)x3,,,
6828,NM_203486.3(DLL3):c.599_603dup (p.Pro202fs),DLL3,Pathogenic,"criteria provided, multiple submitters, no conflicts",,,c.599_603dup,,rs786200899,
144406,GRCh38/hg38 19p13.2-q13.31(chr19:11227942-44626354)x3,LOC130064108,Pathogenic,no assertion criteria provided,,,GRCh38/hg38 19p13.2-q13.31(chr19:11227942-44626354)x3,,,
3663911,NM_203486.3(DLL3):c.639dup (p.Cys214fs),DLL3,Pathogenic,"criteria provided, single submitter",,,c.639dup,,,
391971,NM_203486.3(DLL3):c.661C>T (p.Arg221Ter),DLL3,Pathogenic,"criteria provided, multiple submitters, no conflicts",,,c.661C>T,,rs200275281,
3669097,NM_203486.3(DLL3):c.1165_1196del (p.Glu389fs),DLL3,Pathogenic,"criteria provided, single submitter",,,c.1165_1196del,,,
443499,GRCh37/hg19 19p13.3-q13.43(chr19:260912-58956888),PKN1,Pathogenic,no assertion criteria provided,,,GRCh37/hg19 19p13.3-q13.43(chr19:260912-58956888),,,
443498,GRCh37/hg19 19p13.3-q13.43(chr19:260912-58956888)x3,A1BG,Pathogenic,no assertion criteria provided,,,GRCh37/hg19 19p13.3-q13.43(chr19:260912-58956888)x3,,,
3642051,NM_203486.3(DLL3):c.805G>T (p.Gly269Ter),DLL3,Pathogenic,"criteria provided, single submitter",,,c.805G>T,,,
6833,NM_203486.3(DLL3):c.712C>T (p.Arg238Ter),DLL3,Pathogenic,"criteria provided, multiple submitters, no conflicts",,,c.712C>T,,rs104894675,
6834,NM_203486.3(DLL3):c.1440del (p.Pro481fs),DLL3,Pathogenic,no assertion criteria provided,,,c.1440del,,rs786200903,
57043,GRCh38/hg38 19q13.12-13.2(chr19:37319377-42738688)x3,ACP7,Pathogenic,"criteria provided, single submitter",,,GRCh38/hg38 19q13.12-13.2(chr19:37319377-42738688)x3,,,
2572235,NM_203486.3(DLL3):c.1312T>A (p.Cys438Ser),DLL3,Likely pathogenic,"criteria provided, single submitter",,,c.1312T>A,,rs888371213,
3583897,NM_203486.3(DLL3):c.1200C>A (p.Cys400Ter),DLL3,Likely pathogenic,"criteria provided, single submitter",,,c.1200C>A,,,
2843580,NM_203486.3(DLL3):c.652+1G>A,LOC130064417,Likely pathogenic,"criteria provided, single submitter",,,NM_203486.3(DLL3):c.652+1G>A,,rs962071242,
1935656,NM_203486.3(DLL3):c.652+1G>C,DLL3,Likely pathogenic,"criteria provided, single submitter",,,NM_203486.3(DLL3):c.652+1G>C,,rs962071242,
3630420,NM_203486.3(DLL3):c.1093+1G>A,DLL3,Likely pathogenic,"criteria provided, single submitter",,,NM_203486.3(DLL3):c.1093+1G>A,,,
4849323,NM_203486.3(DLL3):c.1086C>A (p.Cys362Ter),DLL3,Likely pathogenic,"criteria provided, single submitter",,,c.1086C>A,,,
559885,NM_203486.3(DLL3):c.534C>A (p.Cys178Ter),DLL3,Likely pathogenic,"criteria provided, multiple submitters, no conflicts",,,c.534C>A,,rs1447189148,
3583898,NM_203486.3(DLL3):c.1441_1459del (p.Pro481fs),DLL3,Likely pathogenic,"criteria provided, single submitter",,,c.1441_1459del,,,
3696373,NM_203486.3(DLL3):c.652+2T>A,DLL3,Likely pathogenic,"criteria provided, single submitter",,,NM_203486.3(DLL3):c.652+2T>A,,,
3065801,NM_203486.3(DLL3):c.474G>A (p.Trp158Ter),DLL3,Likely pathogenic,"criteria provided, single submitter",,,c.474G>A,,rs2514643690,
3250939,NM_203486.3(DLL3):c.1379T>A (p.Met460Lys),DLL3,Likely pathogenic,"criteria provided, single submitter",,,c.1379T>A,,rs754886562,
3779570,NM_203486.3(DLL3):c.128del (p.Pro43fs),DLL3,Likely pathogenic,"criteria provided, single submitter",,,c.128del,,,
3583895,NM_203486.3(DLL3):c.241del (p.Ala81fs),DLL3,Likely pathogenic,"criteria provided, single submitter",,,c.241del,,,
3583896,NM_203486.3(DLL3):c.546_547del (p.Val183fs),DLL3,Likely pathogenic,"criteria provided, single submitter",,,c.546_547del,,,
2572236,NM_203486.3(DLL3):c.1272dup (p.Asp425fs),DLL3,Likely pathogenic,"criteria provided, single submitter",,,c.1272dup,,rs1261285510,
2842615,NM_203486.3(DLL3):c.652+1G>T,DLL3,Likely pathogenic,"criteria provided, multiple submitters, no conflicts",,,NM_203486.3(DLL3):c.652+1G>T,,rs962071242,
4850279,NM_203486.3(DLL3):c.1362_1380delinsGT (p.Cys455fs),DLL3,Likely pathogenic,"criteria provided, single submitter",,,c.1362_1380delinsGT,,,
591601,NM_203486.3(DLL3):c.529_535del (p.Arg177fs),DLL3,Pathogenic/Likely pathogenic,"criteria provided, multiple submitters, no conflicts",,,c.529_535del,,rs1452482256,
1324231,NM_203486.3(DLL3):c.366_378del (p.Ile123fs),DLL3,Pathogenic/Likely pathogenic,"criteria provided, multiple submitters, no conflicts",,,c.366_378del,,rs2079604821,
2725640,NM_203486.3(DLL3):c.1036C>T (p.Gln346Ter),DLL3,Pathogenic/Likely pathogenic,"criteria provided, multiple submitters, no conflicts",,,c.1036C>T,,rs752277223,
191104,NM_203486.3(DLL3):c.1136G>A (p.Cys379Tyr),DLL3,Pathogenic/Likely pathogenic,"criteria provided, multiple submitters, no conflicts",,,c.1136G>A,,rs786205519,
6829,NM_203486.3(DLL3):c.945_946del (p.Ala317fs),DLL3,Pathogenic/Likely pathogenic,"criteria provided, multiple submitters, no conflicts",,,c.945_946del,,rs786200900,
419705,NM_203486.3(DLL3):c.621C>A (p.Cys207Ter),DLL3,Pathogenic/Likely pathogenic,"criteria provided, multiple submitters, no conflicts",,,c.621C>A,,rs771875570,
6835,NM_203486.3(DLL3):c.1511G>A (p.Gly504Asp),DLL3,Pathogenic/Likely pathogenic,"criteria provided, multiple submitters, no conflicts",,,c.1511G>A,,rs104894676,
4617405,NM_203486.3(DLL3):c.1367C>T (p.Ala456Val),DLL3,Uncertain significance,"criteria provided, single submitter",,,c.1367C>T,,,
4537957,NM_203486.3(DLL3):c.617C>T (p.Pro206Leu),DLL3,Uncertain significance,"criteria provided, single submitter",,,c.617C>T,,,
4531140,NM_203486.3(DLL3):c.1758+73C>A,DLL3,Uncertain significance,"criteria provided, single submitter",,,NM_203486.3(DLL3):c.1758+73C>A,,,
424406,NM_203486.3(DLL3):c.1759-2_1762del,DLL3,Uncertain significance,"criteria provided, single submitter",,,NM_203486.3(DLL3):c.1759-2_1762del,,rs759482385,
329242,NM_203486.3(DLL3):c.1759-53A>G,DLL3,Uncertain significance,"criteria provided, single submitter",,,NM_203486.3(DLL3):c.1759-53A>G,,rs762786941,
329241,NM_203486.3(DLL3):c.1759-162A>G,DLL3,Uncertain significance,"criteria provided, single submitter",,,NM_203486.3(DLL3):c.1759-162A>G,,rs886054434,
329240,NM_203486.3(DLL3):c.1758+20C>G,DLL3,Uncertain significance,"criteria provided, multiple submitters, no conflicts",,,NM_203486.3(DLL3):c.1758+20C>G,,rs778339882,
329239,NM_203486.3(DLL3):c.1383A>C (p.Gly461=),DLL3,Uncertain significance,"criteria provided, single submitter",,,c.1383A>C,,rs886054433,
3685512,NM_203486.3(DLL3):c.1442C>T (p.Pro481Leu),DLL3,Uncertain significance,"criteria provided, single submitter",,,c.1442C>T,,,
4766101,NM_203486.3(DLL3):c.1052A>G (p.Glu351Gly),DLL3,Uncertain significance,"criteria provided, single submitter",,,c.1052A>G,,,
4739303,NM_203486.3(DLL3):c.283G>A (p.Gly95Arg),DLL3,Uncertain significance,"criteria provided, single submitter",,,c.283G>A,,,
4734370,NM_203486.3(DLL3):c.1406A>T (p.His469Leu),DLL3,Uncertain significance,"criteria provided, single submitter",,,c.1406A>T,,,
4728668,NM_203486.3(DLL3):c.20C>G (p.Ser7Cys),DLL3,Uncertain significance,"criteria provided, single submitter",,,c.20C>G,,,
4617408,NM_203486.3(DLL3):c.26T>A (p.Leu9His),DLL3,Uncertain significance,"criteria provided, single submitter",,,c.26T>A,,,
4869838,NM_203486.3(DLL3):c.1435G>A (p.Ala479Thr),DLL3,Uncertain significance,"criteria provided, single submitter",,,c.1435G>A,,,
3502448,NM_203486.3(DLL3):c.1720A>T (p.Ile574Phe),DLL3,Uncertain significance,"criteria provided, single submitter",,,c.1720A>T,,,
3502447,NM_203486.3(DLL3):c.1422C>A (p.Ser474Arg),DLL3,Uncertain significance,"criteria provided, single submitter",,,c.1422C>A,,,
3502446,NM_203486.3(DLL3):c.565C>T (p.Arg189Cys),DLL3,Uncertain significance,"criteria provided, single submitter",,,c.565C>T,,,
4698844,NM_203486.3(DLL3):c.545C>G (p.Ala182Gly),DLL3,Uncertain significance,"criteria provided, single submitter",,,c.545C>G,,,
4686925,NM_203486.3(DLL3):c.1264G>T (p.Gly422Cys),DLL3,Uncertain significance,"criteria provided, single submitter",,,c.1264G>T,,,
4617418,NM_203486.3(DLL3):c.1609G>A (p.Val537Ile),DLL3,Uncertain significance,"criteria provided, single submitter",,,c.1609G>A,,,
4617417,NM_203486.3(DLL3):c.1126C>A (p.Arg376Ser),DLL3,Uncertain significance,"criteria provided, single submitter",,,c.1126C>A,,,
4617414,NM_203486.3(DLL3):c.632A>T (p.Glu211Val),DLL3,Uncertain significance,"criteria provided, single submitter",,,c.632A>T,,,
2198086,NM_203486.3(DLL3):c.656T>C (p.Val219Ala),DLL3,Uncertain significance,"criteria provided, single submitter",,,c.656T>C,,rs2514645359,
2181555,NM_203486.3(DLL3):c.751C>T (p.Pro251Ser),DLL3,Uncertain significance,"criteria provided, multiple submitters, no conflicts",,,c.751C>T,,rs376715067,
2130248,NM_203486.3(DLL3):c.338G>C (p.Arg113Pro),DLL3,Uncertain significance,"criteria provided, single submitter",,,c.338G>C,,rs1463336443,
2558354,NM_203486.3(DLL3):c.1073G>A (p.Ser358Asn),DLL3,Uncertain significance,"criteria provided, single submitter",,,c.1073G>A,,rs1433881864,
2533968,NM_203486.3(DLL3):c.1330T>G (p.Cys444Gly),DLL3,Uncertain significance,"criteria provided, single submitter",,,c.1330T>G,,rs2514649126,
2526347,NM_203486.3(DLL3):c.1544T>A (p.Val515Glu),DLL3,Uncertain significance,"criteria provided, single submitter",,,c.1544T>A,,rs1218657006,
2517070,NM_203486.3(DLL3):c.119G>A (p.Gly40Asp),DLL3,Uncertain significance,"criteria provided, single submitter",,,c.119G>A,,rs749515368,
2503247,NM_203486.3(DLL3):c.854A>G (p.Asn285Ser),DLL3,Uncertain significance,"criteria provided, single submitter",,,c.854A>G,,rs758925975,
6830,NM_203486.3(DLL3):c.1154G>A (p.Gly385Asp),DLL3,Uncertain significance,"criteria provided, single submitter",,,c.1154G>A,,rs104894674,
329234,NM_203486.3(DLL3):c.779C>A (p.Pro260His),DLL3,Uncertain significance,"criteria provided, multiple submitters, no conflicts",,,c.779C>A,,rs748649010,
329233,NM_203486.3(DLL3):c.620G>A (p.Cys207Tyr),DLL3,Uncertain significance,"criteria provided, multiple submitters, no conflicts",,,c.620G>A,,rs886054432,
3502445,NM_203486.3(DLL3):c.292G>T (p.Ala98Ser),DLL3,Uncertain significance,"criteria provided, single submitter",,,c.292G>T,,,
3502444,NM_203486.3(DLL3):c.259G>A (p.Gly87Arg),DLL3,Uncertain significance,"criteria provided, single submitter",,,c.259G>A,,,
3502443,NM_203486.3(DLL3):c.349C>T (p.Pro117Ser),DLL3,Uncertain significance,"criteria provided, single submitter",,,c.349C>T,,,
3502442,NM_203486.3(DLL3):c.449G>A (p.Arg150Gln),DLL3,Uncertain significance,"criteria provided, single submitter",,,c.449G>A,,,
3502441,NM_203486.3(DLL3):c.1535T>A (p.Leu512Gln),DLL3,Uncertain significance,"criteria provided, single submitter",,,c.1535T>A,,,
3502438,NM_203486.3(DLL3):c.1007C>A (p.Ala336Asp),DLL3,Uncertain significance,"criteria provided, single submitter",,,c.1007C>A,,,
3502437,NM_203486.3(DLL3):c.388G>A (p.Glu130Lys),DLL3,Uncertain significance,"criteria provided, single submitter",,,c.388G>A,,,
3383821,NM_203486.3(DLL3):c.922C>T (p.Arg308Trp),DLL3,Uncertain significance,"criteria provided, single submitter",,,c.922C>T,,,
650393,NM_203486.3(DLL3):c.1392T>G (p.Cys464Trp),DLL3,Uncertain significance,"criteria provided, single submitter",,,c.1392T>G,,rs1600758157,
591956,NM_203486.3(DLL3):c.67del (p.Gln23fs),DLL3,Uncertain significance,no assertion criteria provided,,,c.67del,,rs1568447774,
591891,NM_203486.3(DLL3):c.1081C>T (p.Pro361Ser),DLL3,Uncertain significance,no assertion criteria provided,,,c.1081C>T,,rs1568450395,
591067,NM_203486.3(DLL3):c.388G>T (p.Glu130Ter),DLL3,Uncertain significance,no assertion criteria provided,,,c.388G>T,,rs1424242745,
503799,NM_203486.2(DLL3):c.1759delG,DLL3,Uncertain significance,"criteria provided, single submitter",,,NM_203486.2(DLL3):c.1759delG,,rs1322019493,
3840402,NM_203486.3(DLL3):c.649C>T (p.Pro217Ser),DLL3,Uncertain significance,"criteria provided, single submitter",,,c.649C>T,,,
3840401,NM_203486.3(DLL3):c.1014C>G (p.Ile338Met),DLL3,Uncertain significance,"criteria provided, single submitter",,,c.1014C>G,,,
3840400,NM_203486.3(DLL3):c.1758+67C>A,DLL3,Uncertain significance,"criteria provided, single submitter",,,NM_203486.3(DLL3):c.1758+67C>A,,,
3840399,NM_203486.3(DLL3):c.1173C>G (p.Asp391Glu),DLL3,Uncertain significance,"criteria provided, single submitter",,,c.1173C>G,,,
3840398,NM_203486.3(DLL3):c.746C>T (p.Thr249Met),DLL3,Uncertain significance,"criteria provided, single submitter",,,c.746C>T,,,
3840397,NM_203486.3(DLL3):c.542C>T (p.Pro181Leu),DLL3,Uncertain significance,"criteria provided, single submitter",,,c.542C>T,,,
3781138,NM_203486.3(DLL3):c.1129TGCCGC[3] (p.Arg380_Ala381insCysArg),DLL3,Uncertain significance,"criteria provided, single submitter",,,c.1129TGCCGC[3],,,
3718784,NM_203486.3(DLL3):c.1301C>T (p.Ala434Val),DLL3,Uncertain significance,"criteria provided, single submitter",,,c.1301C>T,,,
3715221,NM_203486.3(DLL3):c.534C>G (p.Cys178Trp),DLL3,Uncertain significance,"criteria provided, single submitter",,,c.534C>G,,,
3710052,NM_203486.3(DLL3):c.1250G>T (p.Cys417Phe),DLL3,Uncertain significance,"criteria provided, single submitter",,,c.1250G>T,,,
3689442,NM_203486.3(DLL3):c.860G>A (p.Gly287Asp),DLL3,Uncertain significance,"criteria provided, single submitter",,,c.860G>A,,,
3502455,NM_203486.3(DLL3):c.1758+40G>A,DLL3,Uncertain significance,"criteria provided, single submitter",,,NM_203486.3(DLL3):c.1758+40G>A,,,
3502454,NM_203486.3(DLL3):c.595C>T (p.Arg199Trp),DLL3,Uncertain significance,"criteria provided, single submitter",,,c.595C>T,,,
3502453,NM_203486.3(DLL3):c.98A>G (p.Gln33Arg),DLL3,Uncertain significance,"criteria provided, single submitter",,,c.98A>G,,,
3502452,NM_203486.3(DLL3):c.1200C>G (p.Cys400Trp),DLL3,Uncertain significance,"criteria provided, single submitter",,,c.1200C>G,,,
3502451,NM_203486.3(DLL3):c.1046A>C (p.Asn349Thr),DLL3,Uncertain significance,"criteria provided, multiple submitters, no conflicts",,,c.1046A>C,,,
894206,NM_203486.3(DLL3):c.1138C>T (p.Arg380Cys),DLL3,Uncertain significance,"criteria provided, multiple submitters, no conflicts",,,c.1138C>T,,rs765517369,
3368657,NM_203486.3(DLL3):c.415G>T (p.Ala139Ser),DLL3,Uncertain significance,"criteria provided, single submitter",,,c.415G>T,,,
3272318,NM_203486.3(DLL3):c.1258G>A (p.Gly420Ser),DLL3,Uncertain significance,"criteria provided, single submitter",,,c.1258G>A,,,
3272317,NM_203486.3(DLL3):c.1294C>A (p.Pro432Thr),DLL3,Uncertain significance,"criteria provided, single submitter",,,c.1294C>A,,,
3272316,NM_203486.3(DLL3):c.184G>T (p.Val62Phe),DLL3,Uncertain significance,"criteria provided, single submitter",,,c.184G>T,,,
3251782,NM_203486.3(DLL3):c.517T>C (p.Ser173Pro),DLL3,Uncertain significance,"criteria provided, single submitter",,,c.517T>C,,rs962122621,
665177,NM_203486.3(DLL3):c.1016G>T (p.Cys339Phe),DLL3,Uncertain significance,"criteria provided, single submitter",,,c.1016G>T,,rs1225169399,
3082926,NM_203486.3(DLL3):c.835G>C (p.Asp279His),DLL3,Uncertain significance,"criteria provided, single submitter",,,c.835G>C,,rs762991216,
3082925,NM_203486.3(DLL3):c.415G>A (p.Ala139Thr),DLL3,Uncertain significance,"criteria provided, multiple submitters, no conflicts",,,c.415G>A,,rs781246209,
3082924,NM_203486.3(DLL3):c.369C>G (p.Ile123Met),DLL3,Uncertain significance,"criteria provided, single submitter",,,c.369C>G,,rs2514641545,
3082923,NM_203486.3(DLL3):c.31T>C (p.Ser11Pro),DLL3,Uncertain significance,"criteria provided, single submitter",,,c.31T>C,,rs2514639064,
3840405,NM_203486.3(DLL3):c.220G>A (p.Glu74Lys),DLL3,Uncertain significance,"criteria provided, single submitter",,,c.220G>A,,,
3840404,NM_203486.3(DLL3):c.448C>T (p.Arg150Trp),DLL3,Uncertain significance,"criteria provided, single submitter",,,c.448C>T,,,
3840403,NM_203486.3(DLL3):c.607G>C (p.Gly203Arg),DLL3,Uncertain significance,"criteria provided, single submitter",,,c.607G>C,,,
1004577,NM_203486.3(DLL3):c.566G>A (p.Arg189His),DLL3,Uncertain significance,"criteria provided, single submitter",,,c.566G>A,,rs2079619060,
1003375,NM_203486.3(DLL3):c.1385C>T (p.Ala462Val),DLL3,Uncertain significance,"criteria provided, single submitter",,,c.1385C>T,,rs978319698,
1000251,NM_203486.3(DLL3):c.1337C>T (p.Ala446Val),DLL3,Uncertain significance,"criteria provided, multiple submitters, no conflicts",,,c.1337C>T,,rs1212612517,
994083,NM_203486.3(DLL3):c.409+6T>C,DLL3,Uncertain significance,"criteria provided, multiple submitters, no conflicts",,,NM_203486.3(DLL3):c.409+6T>C,,rs995675341,
3082921,NM_203486.3(DLL3):c.1532T>G (p.Leu511Trp),DLL3,Uncertain significance,"criteria provided, multiple submitters, no conflicts",,,c.1532T>G,,rs543714737,
3082920,NM_203486.3(DLL3):c.1516G>A (p.Ala506Thr),DLL3,Uncertain significance,"criteria provided, single submitter",,,c.1516G>A,,rs867628571,
3082919,NM_203486.3(DLL3):c.1132C>G (p.Arg378Gly),DLL3,Uncertain significance,"criteria provided, single submitter",,,c.1132C>G,,rs893690137,
3082918,NM_203486.3(DLL3):c.1120G>A (p.Ala374Thr),DLL3,Uncertain significance,"criteria provided, single submitter",,,c.1120G>A,,rs1317822143,
3082917,NM_203486.3(DLL3):c.1030G>A (p.Gly344Ser),DLL3,Uncertain significance,"criteria provided, single submitter",,,c.1030G>A,,rs530857183,
892623,NM_203486.3(DLL3):c.1759-31C>G,DLL3,Uncertain significance,"criteria provided, multiple submitters, no conflicts",,,NM_203486.3(DLL3):c.1759-31C>G,,rs200669115,
892590,NM_203486.3(DLL3):c.1378A>G (p.Met460Val),DLL3,Uncertain significance,"criteria provided, multiple submitters, no conflicts",,,c.1378A>G,,rs766274162,
892589,NM_203486.3(DLL3):c.1362T>C (p.Ala454=),DLL3,Uncertain significance,"criteria provided, single submitter",,,c.1362T>C,,rs768998068,
811836,NM_203486.3(DLL3):c.1187C>T (p.Ala396Val),DLL3,Uncertain significance,"criteria provided, single submitter",,,c.1187C>T,,rs747708804,
811484,NM_203486.3(DLL3):c.1398C>A (p.Phe466Leu),DLL3,Uncertain significance,"criteria provided, single submitter",,,c.1398C>A,,rs777442783,
811272,NM_203486.3(DLL3):c.221A>C (p.Glu74Ala),DLL3,Uncertain significance,"criteria provided, single submitter",,,c.221A>C,,rs1600751637,
1044198,NM_203486.3(DLL3):c.1076T>C (p.Leu359Pro),DLL3,Uncertain significance,"criteria provided, multiple submitters, no conflicts",,,c.1076T>C,,rs139372003,
1027295,NM_203486.3(DLL3):c.601G>A (p.Gly201Ser),DLL3,Uncertain significance,"criteria provided, single submitter",,,c.601G>A,,rs1042783044,
1026162,NM_203486.3(DLL3):c.1579C>T (p.Arg527Cys),DLL3,Uncertain significance,"criteria provided, multiple submitters, no conflicts",,,c.1579C>T,,rs1023944294,
1021768,NM_203486.3(DLL3):c.1610T>C (p.Val537Ala),DLL3,Uncertain significance,"criteria provided, multiple submitters, no conflicts",,,c.1610T>C,,rs369266504,
1021745,NM_203486.3(DLL3):c.661C>G (p.Arg221Gly),DLL3,Uncertain significance,"criteria provided, single submitter",,,c.661C>G,,rs200275281,
894205,NM_203486.3(DLL3):c.1123C>G (p.Leu375Val),DLL3,Uncertain significance,"criteria provided, single submitter",,,c.1123C>G,,rs777253263,
894146,NM_203486.3(DLL3):c.478C>T (p.Arg160Trp),DLL3,Uncertain significance,"criteria provided, multiple submitters, no conflicts",,,c.478C>T,,rs376907733,
893402,NM_203486.3(DLL3):c.1474C>G (p.Leu492Val),DLL3,Uncertain significance,"criteria provided, multiple submitters, no conflicts",,,c.1474C>G,,rs767423604,
893400,NM_203486.3(DLL3):c.1441C>G (p.Pro481Ala),DLL3,Uncertain significance,"criteria provided, multiple submitters, no conflicts",,,c.1441C>G,,rs773460228,
893379,NM_203486.3(DLL3):c.1101C>T (p.Leu367=),DLL3,Uncertain significance,"criteria provided, single submitter",,,c.1101C>T,,rs1434611786,
893343,NM_203486.3(DLL3):c.654G>A (p.Leu218=),DLL3,Uncertain significance,"criteria provided, single submitter",,,c.654G>A,,rs140489087,
893301,NM_203486.3(DLL3):c.367A>G (p.Ile123Val),DLL3,Uncertain significance,"criteria provided, single submitter",,,c.367A>G,,rs1568448479,
893300,NM_203486.3(DLL3):c.343G>A (p.Ala115Thr),DLL3,Uncertain significance,"criteria provided, single submitter",,,c.343G>A,,rs71647811,
893094,NM_203486.3(DLL3):c.100A>T (p.Ile34Phe),DLL3,Uncertain significance,"criteria provided, multiple submitters, no conflicts",,,c.100A>T,,rs781688970,
1010057,NM_203486.3(DLL3):c.1258G>C (p.Gly420Arg),DLL3,Uncertain significance,"criteria provided, single submitter",,,c.1258G>C,,rs978432882,
1009435,NM_203486.3(DLL3):c.83G>C (p.Gly28Ala),DLL3,Uncertain significance,"criteria provided, single submitter",,,c.83G>C,,rs747594090,
894636,NM_203486.3(DLL3):c.1759-97G>T,DLL3,Uncertain significance,"criteria provided, single submitter",,,NM_203486.3(DLL3):c.1759-97G>T,,rs569619393,
894612,NM_203486.3(DLL3):c.1189G>C (p.Gly397Arg),DLL3,Uncertain significance,"criteria provided, multiple submitters, no conflicts",,,c.1189G>C,,rs985766992,
894586,NM_203486.3(DLL3):c.902C>T (p.Pro301Leu),DLL3,Uncertain significance,"criteria provided, multiple submitters, no conflicts",,,c.902C>T,,rs781626135,
894585,NM_203486.3(DLL3):c.870+3C>T,DLL3,Uncertain significance,"criteria provided, single submitter",,,NM_203486.3(DLL3):c.870+3C>T,,rs377288340,
894550,NM_203486.3(DLL3):c.583A>G (p.Ser195Gly),DLL3,Uncertain significance,"criteria provided, single submitter",,,c.583A>G,,rs2079619248,
1056106,NM_203486.3(DLL3):c.1170C>A (p.His390Gln),DLL3,Uncertain significance,"criteria provided, single submitter",,,c.1170C>A,,rs781159181,
1055474,NM_203486.3(DLL3):c.1483C>T (p.Pro495Ser),DLL3,Uncertain significance,"criteria provided, multiple submitters, no conflicts",,,c.1483C>T,,rs201354924,
1053963,NM_203486.3(DLL3):c.409G>T (p.Gly137Trp),DLL3,Uncertain significance,"criteria provided, single submitter",,,c.409G>T,,rs745793784,
1052682,NM_203486.3(DLL3):c.653_654delinsCT (p.Leu218Pro),DLL3,Uncertain significance,"criteria provided, single submitter",,,c.653_654delinsCT,,rs2144760754,
1051911,NM_203486.3(DLL3):c.1378A>C (p.Met460Leu),DLL3,Uncertain significance,"criteria provided, single submitter",,,c.1378A>C,,rs766274162,
1393194,NM_203486.3(DLL3):c.1319A>C (p.His440Pro),DLL3,Uncertain significance,"criteria provided, multiple submitters, no conflicts",,,c.1319A>C,,rs780000990,
1390694,NM_203486.3(DLL3):c.1056G>T (p.Lys352Asn),DLL3,Uncertain significance,"criteria provided, multiple submitters, no conflicts",,,c.1056G>T,,rs376526613,
1370776,NM_203486.3(DLL3):c.316G>A (p.Gly106Ser),DLL3,Uncertain significance,"criteria provided, single submitter",,,c.316G>A,,rs2079597000,
1370726,NM_203486.3(DLL3):c.505G>C (p.Glu169Gln),DLL3,Uncertain significance,"criteria provided, single submitter",,,c.505G>C,,rs1389179156,
1364330,NM_203486.3(DLL3):c.351T>C (p.Pro117=),DLL3,Uncertain significance,"criteria provided, single submitter",,,c.351T>C,,rs769556737,
1356480,NM_203486.3(DLL3):c.923G>T (p.Arg308Leu),DLL3,Uncertain significance,"criteria provided, single submitter",,,c.923G>T,,rs141671275,
1330588,NM_203486.3(DLL3):c.1376A>T (p.Tyr459Phe),DLL3,Uncertain significance,"criteria provided, multiple submitters, no conflicts",,,c.1376A>T,,rs572290101,
1224398,NM_203486.3(DLL3):c.1086C>G (p.Cys362Trp),DLL3,Uncertain significance,"criteria provided, single submitter",,,c.1086C>G,,rs2144762170,
1310413,NM_203486.3(DLL3):c.626C>T (p.Pro209Leu),DLL3,Uncertain significance,"criteria provided, single submitter",,,c.626C>T,,rs1204991489,
1450981,NM_203486.3(DLL3):c.1040G>C (p.Gly347Ala),DLL3,Uncertain significance,"criteria provided, single submitter",,,c.1040G>C,,rs762332887,
1441209,NM_203486.3(DLL3):c.904C>T (p.Arg302Cys),DLL3,Uncertain significance,"criteria provided, multiple submitters, no conflicts",,,c.904C>T,,rs538488581,
1431601,NM_203486.3(DLL3):c.1681G>A (p.Val561Ile),DLL3,Uncertain significance,"criteria provided, single submitter",,,c.1681G>A,,rs577591982,
2420195,NM_203486.3(DLL3):c.1144G>A (p.Gly382Ser),DLL3,Uncertain significance,"criteria provided, single submitter",,,c.1144G>A,,rs758562918,
2418238,NM_203486.3(DLL3):c.1319A>T (p.His440Leu),DLL3,Uncertain significance,"criteria provided, multiple submitters, no conflicts",,,c.1319A>T,,rs780000990,
2417800,NM_203486.3(DLL3):c.619T>G (p.Cys207Gly),DLL3,Uncertain significance,"criteria provided, single submitter",,,c.619T>G,,rs1335766222,
2097011,NM_203486.3(DLL3):c.1159C>T (p.Arg387Cys),DLL3,Uncertain significance,"criteria provided, multiple submitters, no conflicts",,,c.1159C>T,,rs1023296017,
2071189,NM_203486.3(DLL3):c.1758+74del,DLL3,Uncertain significance,"criteria provided, single submitter",,,NM_203486.3(DLL3):c.1758+74del,,rs765903171,
2066776,NM_203486.3(DLL3):c.190C>G (p.Leu64Val),DLL3,Uncertain significance,"criteria provided, single submitter",,,c.190C>G,,rs1456082363,
2064151,NM_203486.3(DLL3):c.608G>C (p.Gly203Ala),DLL3,Uncertain significance,"criteria provided, single submitter",,,c.608G>C,,rs1234613942,
2063214,NM_203486.3(DLL3):c.1682T>C (p.Val561Ala),DLL3,Uncertain significance,"criteria provided, single submitter",,,c.1682T>C,,rs1374257701,
2053875,NM_203486.3(DLL3):c.580C>A (p.Arg194Ser),DLL3,Uncertain significance,"criteria provided, single submitter",,,c.580C>A,,rs1293083476,
2378281,NM_203486.3(DLL3):c.1525G>A (p.Ala509Thr),DLL3,Uncertain significance,"criteria provided, single submitter",,,c.1525G>A,,rs775548960,
2345347,NM_203486.3(DLL3):c.623C>A (p.Ala208Glu),DLL3,Uncertain significance,"criteria provided, single submitter",,,c.623C>A,,rs772960131,
2324523,NM_203486.3(DLL3):c.344C>T (p.Ala115Val),DLL3,Uncertain significance,"criteria provided, single submitter",,,c.344C>T,,rs1386804146,
2307332,NM_203486.3(DLL3):c.1603C>T (p.Pro535Ser),DLL3,Uncertain significance,"criteria provided, single submitter",,,c.1603C>T,,rs1416506841,
2384536,NM_203486.3(DLL3):c.788C>T (p.Pro263Leu),DLL3,Uncertain significance,"criteria provided, multiple submitters, no conflicts",,,c.788C>T,,rs772500636,
2380818,NM_203486.3(DLL3):c.896C>T (p.Thr299Ile),DLL3,Uncertain significance,"criteria provided, multiple submitters, no conflicts",,,c.896C>T,,rs753915676,
2380242,NM_203486.3(DLL3):c.1498C>T (p.Leu500Phe),DLL3,Uncertain significance,"criteria provided, multiple submitters, no conflicts",,,c.1498C>T,,rs369634266,
1430619,NM_203486.3(DLL3):c.1513G>A (p.Val505Met),DLL3,Uncertain significance,"criteria provided, single submitter",,,c.1513G>A,,rs111556824,
1424226,NM_203486.3(DLL3):c.623_624delinsAC (p.Ala208Asp),DLL3,Uncertain significance,"criteria provided, single submitter",,,c.623_624delinsAC,,rs2144759696,
1421895,NM_203486.3(DLL3):c.287C>A (p.Ala96Glu),DLL3,Uncertain significance,"criteria provided, multiple submitters, no conflicts",,,c.287C>A,,rs750965859,
1418683,NM_203486.3(DLL3):c.490C>T (p.Arg164Cys),DLL3,Uncertain significance,"criteria provided, single submitter",,,c.490C>T,,rs2144759301,
1416450,NM_203486.3(DLL3):c.1729A>G (p.Ile577Val),DLL3,Uncertain significance,"criteria provided, multiple submitters, no conflicts",,,c.1729A>G,,rs144011919,
1414309,NM_203486.3(DLL3):c.937G>A (p.Gly313Arg),DLL3,Uncertain significance,"criteria provided, multiple submitters, no conflicts",,,c.937G>A,,rs572215947,
2968349,NM_203486.3(DLL3):c.1245C>G (p.Cys415Trp),DLL3,Uncertain significance,"criteria provided, single submitter",,,c.1245C>G,,rs1171620447,
1409241,NM_203486.3(DLL3):c.1156C>A (p.Pro386Thr),DLL3,Uncertain significance,"criteria provided, single submitter",,,c.1156C>A,,rs1233408415,
1403215,NM_203486.3(DLL3):c.1210G>T (p.Gly404Cys),DLL3,Uncertain significance,"criteria provided, single submitter",,,c.1210G>T,,rs1396120007,
1401812,NM_203486.3(DLL3):c.1171G>A (p.Asp391Asn),DLL3,Uncertain significance,"criteria provided, multiple submitters, no conflicts",,,c.1171G>A,,rs745786021,
1523023,NM_203486.3(DLL3):c.1376A>G (p.Tyr459Cys),DLL3,Uncertain significance,"criteria provided, single submitter",,,c.1376A>G,,rs572290101,
1520172,NM_203486.3(DLL3):c.884C>T (p.Ser295Phe),DLL3,Uncertain significance,"criteria provided, single submitter",,,c.884C>T,,rs1212556529,
1519774,NM_203486.3(DLL3):c.1461C>A (p.Asp487Glu),DLL3,Uncertain significance,"criteria provided, multiple submitters, no conflicts",,,c.1461C>A,,rs752572755,
1515729,NM_203486.3(DLL3):c.1674-3C>A,DLL3,Uncertain significance,"criteria provided, single submitter",,,NM_203486.3(DLL3):c.1674-3C>A,,rs1218802830,
1514655,NM_203486.3(DLL3):c.518C>G (p.Ser173Trp),DLL3,Uncertain significance,"criteria provided, multiple submitters, no conflicts",,,c.518C>G,,rs760217365,
1511680,NM_203486.3(DLL3):c.1189G>A (p.Gly397Ser),DLL3,Uncertain significance,"criteria provided, single submitter",,,c.1189G>A,,rs985766992,
1509469,NM_203486.3(DLL3):c.835G>A (p.Asp279Asn),DLL3,Uncertain significance,"criteria provided, single submitter",,,c.835G>A,,rs762991216,
1506258,NM_203486.3(DLL3):c.973G>A (p.Gly325Ser),DLL3,Uncertain significance,"criteria provided, single submitter",,,c.973G>A,,rs780479340,
1504991,NM_203486.3(DLL3):c.423C>A (p.Ser141Arg),DLL3,Uncertain significance,"criteria provided, single submitter",,,c.423C>A,,rs756066182,
1500420,NM_203486.3(DLL3):c.850G>A (p.Ala284Thr),DLL3,Uncertain significance,"criteria provided, single submitter",,,c.850G>A,,rs779543693,
1498227,NM_203486.3(DLL3):c.4G>T (p.Val2Phe),DLL3,Uncertain significance,"criteria provided, single submitter",,,c.4G>T,,rs2079592665,
1487895,NM_203486.3(DLL3):c.1754G>A (p.Arg585Gln),DLL3,Uncertain significance,"criteria provided, single submitter",,,c.1754G>A,,rs749430803,
1483838,NM_203486.3(DLL3):c.286G>A (p.Ala96Thr),DLL3,Uncertain significance,"criteria provided, multiple submitters, no conflicts",,,c.286G>A,,rs546600885,
1479867,NM_203486.3(DLL3):c.1583T>C (p.Leu528Ser),DLL3,Uncertain significance,"criteria provided, single submitter",,,c.1583T>C,,rs1489251161,
1470743,NM_203486.3(DLL3):c.1370C>T (p.Pro457Leu),DLL3,Uncertain significance,"criteria provided, multiple submitters, no conflicts",,,c.1370C>T,,rs762031444,
4241208,NM_203486.3(DLL3):c.878C>A (p.Pro293His),DLL3,Uncertain significance,"criteria provided, single submitter",,,c.878C>A,,,
4241207,NM_203486.3(DLL3):c.187T>A (p.Cys63Ser),DLL3,Uncertain significance,"criteria provided, multiple submitters, no conflicts",,,c.187T>A,,,
4241206,NM_203486.3(DLL3):c.1664A>T (p.Asp555Val),DLL3,Uncertain significance,"criteria provided, single submitter",,,c.1664A>T,,,
4241205,NM_203486.3(DLL3):c.1555G>A (p.Gly519Ser),LOC130064419,Uncertain significance,"criteria provided, single submitter",,,c.1555G>A,,,
4241204,NM_203486.3(DLL3):c.1327C>A (p.Arg443Ser),DLL3,Uncertain significance,"criteria provided, single submitter",,,c.1327C>A,,,
4012142,NM_203486.3(DLL3):c.995A>C (p.Asp332Ala),DLL3,Uncertain significance,"criteria provided, single submitter",,,c.995A>C,,,
4012141,NM_203486.3(DLL3):c.1114G>C (p.Gly372Arg),DLL3,Uncertain significance,"criteria provided, single submitter",,,c.1114G>C,,,
4012140,NM_203486.3(DLL3):c.1526C>T (p.Ala509Val),DLL3,Uncertain significance,"criteria provided, single submitter",,,c.1526C>T,,,
4012139,NM_203486.3(DLL3):c.1231G>A (p.Gly411Ser),DLL3,Uncertain significance,"criteria provided, single submitter",,,c.1231G>A,,,
4012138,NM_203486.3(DLL3):c.1273G>A (p.Asp425Asn),DLL3,Uncertain significance,"criteria provided, single submitter",,,c.1273G>A,,,
4012137,NM_203486.3(DLL3):c.437T>C (p.Val146Ala),DLL3,Uncertain significance,"criteria provided, single submitter",,,c.437T>C,,,
4012136,NM_203486.3(DLL3):c.1321G>A (p.Gly441Ser),DLL3,Uncertain significance,"criteria provided, single submitter",,,c.1321G>A,,,
4012134,NM_203486.3(DLL3):c.1444G>C (p.Gly482Arg),DLL3,Uncertain significance,"criteria provided, multiple submitters, no conflicts",,,c.1444G>C,,,
4012133,NM_203486.3(DLL3):c.1321G>C (p.Gly441Arg),DLL3,Uncertain significance,"criteria provided, single submitter",,,c.1321G>C,,,
3902139,NM_203486.3(DLL3):c.980G>A (p.Cys327Tyr),DLL3,Uncertain significance,"criteria provided, single submitter",,,c.980G>A,,,
1953665,NM_203486.3(DLL3):c.1744A>G (p.Ile582Val),DLL3,Uncertain significance,"criteria provided, single submitter",,,c.1744A>G,,rs751999027,
2110439,NM_203486.3(DLL3):c.1275C>A (p.Asp425Glu),DLL3,Uncertain significance,"criteria provided, single submitter",,,c.1275C>A,,rs2144764243,
2108676,NM_203486.3(DLL3):c.866G>T (p.Cys289Phe),DLL3,Uncertain significance,"criteria provided, single submitter",,,c.866G>T,,rs2514645631,
2106658,NM_203486.3(DLL3):c.619T>C (p.Cys207Arg),DLL3,Uncertain significance,"criteria provided, single submitter",,,c.619T>C,,rs1335766222,
1945505,NM_203486.3(DLL3):c.518C>T (p.Ser173Leu),LOC130064417,Uncertain significance,"criteria provided, single submitter",,,c.518C>T,,rs760217365,
1942119,NM_203486.3(DLL3):c.169C>G (p.Arg57Gly),DLL3,Uncertain significance,"criteria provided, single submitter",,,c.169C>G,,rs1441217676,
1933909,NM_203486.3(DLL3):c.272C>T (p.Thr91Ile),DLL3,Uncertain significance,"criteria provided, single submitter",,,c.272C>T,,rs1181931934,
1932691,NM_203486.3(DLL3):c.1651G>A (p.Glu551Lys),DLL3,Uncertain significance,"criteria provided, single submitter",,,c.1651G>A,,rs750062182,
1925223,NM_203486.3(DLL3):c.1300G>C (p.Ala434Pro),DLL3,Uncertain significance,"criteria provided, single submitter",,,c.1300G>C,,rs1466843809,
1919385,NM_203486.3(DLL3):c.1231_1248dup (p.Ser416_Cys417insGlyAlaHisArgCysSer),DLL3,Uncertain significance,"criteria provided, multiple submitters, no conflicts",,,c.1231_1248dup,,rs1382302570,
1911684,NM_203486.3(DLL3):c.274G>A (p.Glu92Lys),DLL3,Uncertain significance,"criteria provided, single submitter",,,c.274G>A,,rs776428281,
1903708,NM_203486.3(DLL3):c.281C>T (p.Pro94Leu),DLL3,Uncertain significance,"criteria provided, single submitter",,,c.281C>T,,rs752316852,
1899161,NM_203486.3(DLL3):c.1174C>A (p.Leu392Met),DLL3,Uncertain significance,"criteria provided, single submitter",,,c.1174C>A,,rs749059188,
1896157,NM_203486.3(DLL3):c.1346C>G (p.Ser449Cys),DLL3,Uncertain significance,"criteria provided, single submitter",,,c.1346C>G,,rs771783907,
4241209,NM_203486.3(DLL3):c.841A>G (p.Asn281Asp),DLL3,Uncertain significance,"criteria provided, single submitter",,,c.841A>G,,,
2281829,NM_203486.3(DLL3):c.319C>T (p.Leu107Phe),DLL3,Uncertain significance,"criteria provided, single submitter",,,c.319C>T,,rs776511193,
2281659,NM_203486.3(DLL3):c.1442C>G (p.Pro481Arg),DLL3,Uncertain significance,"criteria provided, single submitter",,,c.1442C>G,,rs2514649503,
2259586,NM_203486.3(DLL3):c.1214C>T (p.Thr405Met),DLL3,Uncertain significance,"criteria provided, single submitter",,,c.1214C>T,,rs770278809,
2250283,NM_203486.3(DLL3):c.602G>A (p.Gly201Asp),DLL3,Uncertain significance,"criteria provided, single submitter",,,c.602G>A,,rs2514644155,
2217809,NM_203486.3(DLL3):c.431C>T (p.Ala144Val),DLL3,Uncertain significance,"criteria provided, single submitter",,,c.431C>T,,rs1279633578,
2015436,NM_203486.3(DLL3):c.1204A>G (p.Asn402Asp),DLL3,Uncertain significance,"criteria provided, single submitter",,,c.1204A>G,,rs2514648739,
2013267,NM_203486.3(DLL3):c.590C>T (p.Pro197Leu),DLL3,Uncertain significance,"criteria provided, single submitter",,,c.590C>T,,rs2079619386,
2009563,NM_203486.3(DLL3):c.1400C>T (p.Pro467Leu),DLL3,Uncertain significance,"criteria provided, single submitter",,,c.1400C>T,,rs2514649372,
1992768,NM_203486.3(DLL3):c.1584G>C (p.Leu528Phe),DLL3,Uncertain significance,"criteria provided, single submitter",,,c.1584G>C,,rs1185127957,
1985496,NM_203486.3(DLL3):c.169C>A (p.Arg57Ser),DLL3,Uncertain significance,"criteria provided, single submitter",,,c.169C>A,,rs1441217676,
1981410,NM_203486.3(DLL3):c.301C>G (p.Leu101Val),DLL3,Uncertain significance,"criteria provided, single submitter",,,c.301C>G,,rs1339671523,
1972439,NM_203486.3(DLL3):c.254C>A (p.Ala85Glu),DLL3,Uncertain significance,"criteria provided, single submitter",,,c.254C>A,,rs769017873,
1965999,NM_203486.3(DLL3):c.923G>A (p.Arg308Gln),DLL3,Uncertain significance,"criteria provided, multiple submitters, no conflicts",,,c.923G>A,,rs141671275,
1964631,NM_203486.3(DLL3):c.905G>A (p.Arg302His),DLL3,Uncertain significance,"criteria provided, single submitter",,,c.905G>A,,rs775820811,
1960044,NM_203486.3(DLL3):c.476C>A (p.Ala159Asp),DLL3,Uncertain significance,"criteria provided, single submitter",,,c.476C>A,,rs2514643698,
1959420,NM_203486.3(DLL3):c.181A>G (p.Arg61Gly),DLL3,Uncertain significance,"criteria provided, single submitter",,,c.181A>G,,rs1472639734,
2492594,NM_203486.3(DLL3):c.836A>T (p.Asp279Val),DLL3,Uncertain significance,"criteria provided, single submitter",,,c.836A>T,,rs1267360834,
2424211,NC_000019.9:g.(?_39205089)_(40913839_?)dup,ACP7,Uncertain significance,"criteria provided, single submitter",,,NC_000019.9:g.(?_39205089)_(40913839_?)dup,,,
2423350,NC_000019.9:g.(?_39904727)_(42931301_?)dup,ACTMAP,Uncertain significance,"criteria provided, single submitter",,,NC_000019.9:g.(?_39904727)_(42931301_?)dup,,,
4241222,NM_203486.3(DLL3):c.1059G>T (p.Arg353Ser),DLL3,Uncertain significance,"criteria provided, single submitter",,,c.1059G>T,,,
4241221,NM_203486.3(DLL3):c.509T>G (p.Leu170Arg),DLL3,Uncertain significance,"criteria provided, single submitter",,,c.509T>G,,,
4241220,NM_203486.3(DLL3):c.629T>G (p.Leu210Arg),LOC130064417,Uncertain significance,"criteria provided, single submitter",,,c.629T>G,,,
4617413,NM_203486.3(DLL3):c.1595C>G (p.Thr532Ser),DLL3,Uncertain significance,"criteria provided, single submitter",,,c.1595C>G,,,
4617412,NM_203486.3(DLL3):c.1100T>C (p.Leu367Pro),DLL3,Uncertain significance,"criteria provided, single submitter",,,c.1100T>C,,,
4617411,NM_203486.3(DLL3):c.1423G>A (p.Ala475Thr),DLL3,Uncertain significance,"criteria provided, single submitter",,,c.1423G>A,,,
4617410,NM_203486.3(DLL3):c.1067G>A (p.Arg356Gln),DLL3,Uncertain significance,"criteria provided, single submitter",,,c.1067G>A,,,
4617409,NM_203486.3(DLL3):c.927T>G (p.Cys309Trp),DLL3,Uncertain significance,"criteria provided, single submitter",,,c.927T>G,,,
4869836,NM_203486.3(DLL3):c.1127G>A (p.Arg376His),DLL3,Uncertain significance,"criteria provided, single submitter",,,c.1127G>A,,,
500254,NM_203486.3(DLL3):c.1758+73C>G,DLL3,Uncertain significance,"criteria provided, single submitter",,,NM_203486.3(DLL3):c.1758+73C>G,,rs754000867,
3612568,NM_203486.3(DLL3):c.1022G>A (p.Cys341Tyr),DLL3,Uncertain significance,"criteria provided, single submitter",,,c.1022G>A,,,
497714,NM_203486.3(DLL3):c.1091A>G (p.Asn364Ser),DLL3,Uncertain significance,"criteria provided, multiple submitters, no conflicts",,,c.1091A>G,,rs142597040,
329231,NM_203486.3(DLL3):c.452G>A (p.Arg151His),DLL3,Uncertain significance,"criteria provided, multiple submitters, no conflicts",,,c.452G>A,,rs768310008,
289692,NM_203486.3(DLL3):c.1066C>T (p.Arg356Trp),DLL3,Uncertain significance,"criteria provided, multiple submitters, no conflicts",,,c.1066C>T,,rs146274789,
4241219,NM_203486.3(DLL3):c.1411G>A (p.Asp471Asn),DLL3,Uncertain significance,"criteria provided, single submitter",,,c.1411G>A,,,
4241218,NM_203486.3(DLL3):c.149G>A (p.Cys50Tyr),DLL3,Uncertain significance,"criteria provided, single submitter",,,c.149G>A,,,
4241217,NM_203486.3(DLL3):c.1239C>G (p.His413Gln),LOC130064418,Uncertain significance,"criteria provided, single submitter",,,c.1239C>G,,,
4241216,NM_203486.3(DLL3):c.1422C>G (p.Ser474Arg),DLL3,Uncertain significance,"criteria provided, single submitter",,,c.1422C>G,,,
4241215,NM_203486.3(DLL3):c.950C>G (p.Ala317Gly),DLL3,Uncertain significance,"criteria provided, single submitter",,,c.950C>G,,,
4241214,NM_203486.3(DLL3):c.1289C>G (p.Ala430Gly),LOC130064418,Uncertain significance,"criteria provided, single submitter",,,c.1289C>G,,,
4241213,NM_203486.3(DLL3):c.1407C>G (p.His469Gln),DLL3,Uncertain significance,"criteria provided, single submitter",,,c.1407C>G,,,
4241210,NM_203486.3(DLL3):c.1210G>A (p.Gly404Ser),LOC130064418,Uncertain significance,"criteria provided, single submitter",,,c.1210G>A,,,
329236,NM_203486.3(DLL3):c.1030G>C (p.Gly344Arg),DLL3,Uncertain significance,"criteria provided, multiple submitters, no conflicts",,,c.1030G>C,,rs530857183,
4617406,NM_203486.3(DLL3):c.686G>A (p.Gly229Asp),DLL3,Uncertain significance,"criteria provided, single submitter",,,c.686G>A,,,
41378,NM_203486.3(DLL3):c.515T>G (p.Phe172Cys),PLEKHG2,Benign,"criteria provided, multiple submitters, no conflicts",,,c.515T>G,,rs8107127,
260778,NM_203486.3(DLL3):c.352-18C>G,DLL3,Benign,"criteria provided, multiple submitters, no conflicts",,,NM_203486.3(DLL3):c.352-18C>G,,rs2304223,
260779,NM_203486.3(DLL3):c.410-40C>T,DLL3,Benign,"criteria provided, multiple submitters, no conflicts",,,NM_203486.3(DLL3):c.410-40C>T,,rs2278440,
260780,NM_203486.3(DLL3):c.546C>G (p.Ala182=),DLL3,Benign,"criteria provided, multiple submitters, no conflicts",,,c.546C>G,,rs8106337,
41379,NM_203486.3(DLL3):c.653T>C (p.Leu218Pro),DLL3,Benign,"criteria provided, multiple submitters, no conflicts",,,c.653T>C,,rs1110627,
260772,NM_203486.3(DLL3):c.1029C>T (p.Pro343=),DLL3,Benign,"criteria provided, multiple submitters, no conflicts",,,c.1029C>T,,rs2304214,
260773,NM_203486.3(DLL3):c.1152G>A (p.Ala384=),DLL3,Benign,"criteria provided, multiple submitters, no conflicts",,,c.1152G>A,,rs115456333,
329237,NM_203486.3(DLL3):c.1143C>T (p.Ala381=),DLL3,Benign,"criteria provided, multiple submitters, no conflicts",,,c.1143C>T,,rs367573123,
1600784,NM_203486.3(DLL3):c.351+17G>C,DLL3,Benign,"criteria provided, single submitter",,,NM_203486.3(DLL3):c.351+17G>C,,rs199763402,
2890041,NM_203486.3(DLL3):c.70-4C>T,DLL3,Benign,"criteria provided, single submitter",,,NM_203486.3(DLL3):c.70-4C>T,,rs753469973,
1658831,NM_203486.3(DLL3):c.616C>T (p.Pro206Ser),DLL3,Benign,"criteria provided, multiple submitters, no conflicts",,,c.616C>T,,rs376905666,
1233442,NM_203486.3(DLL3):c.653-198G>A,DLL3,Benign,"criteria provided, single submitter",,,NM_203486.3(DLL3):c.653-198G>A,,rs733699,
1235668,NM_203486.3(DLL3):c.409+227dup,DLL3,Benign,"criteria provided, single submitter",,,NM_203486.3(DLL3):c.409+227dup,,rs145058657,
1237871,NM_203486.3(DLL3):c.352-232G>A,DLL3,Benign,"criteria provided, single submitter",,,NM_203486.3(DLL3):c.352-232G>A,,rs12981954,
1261527,NM_203486.3(DLL3):c.352-192C>A,DLL3,Benign,"criteria provided, multiple submitters, no conflicts",,,NM_203486.3(DLL3):c.352-192C>A,,rs77761766,
1266918,NM_203486.3(DLL3):c.352-175del,DLL3,Benign,"criteria provided, single submitter",,,NM_203486.3(DLL3):c.352-175del,,rs371078896,
1272796,NM_203486.3(DLL3):c.410-215C>T,DLL3,Benign,"criteria provided, multiple submitters, no conflicts",,,NM_203486.3(DLL3):c.410-215C>T,,rs75794888,
1279799,NM_203486.3(DLL3):c.352-183C>A,DLL3,Benign,"criteria provided, multiple submitters, no conflicts",,,NM_203486.3(DLL3):c.352-183C>A,,rs34936989,
1288025,NM_203486.3(DLL3):c.409+302A>G,DLL3,Benign,"criteria provided, single submitter",,,NM_203486.3(DLL3):c.409+302A>G,,rs62120694,
1181097,NM_203486.3(DLL3):c.409+229G>C,DLL3,Benign,"criteria provided, single submitter",,,NM_203486.3(DLL3):c.409+229G>C,,rs11574521,
1182061,NM_203486.3(DLL3):c.1094-207G>A,DLL3,Benign,"criteria provided, multiple submitters, no conflicts",,,NM_203486.3(DLL3):c.1094-207G>A,,rs3212276,
1238561,NM_203486.3(DLL3):c.351+132G>C,DLL3,Benign,"criteria provided, multiple submitters, no conflicts",,,NM_203486.3(DLL3):c.351+132G>C,,rs3212275,
1241060,NM_203486.3(DLL3):c.352-183del,DLL3,Benign,"criteria provided, single submitter",,,NM_203486.3(DLL3):c.352-183del,,rs369324363,
1242885,NM_203486.3(DLL3):c.652+326A>G,DLL3,Benign,"criteria provided, single submitter",,,NM_203486.3(DLL3):c.652+326A>G,,rs3786951,
1242912,NM_203486.3(DLL3):c.409+183_409+184insCTGT,DLL3,Benign,"criteria provided, single submitter",,,NM_203486.3(DLL3):c.409+183_409+184insCTGT,,rs3217397,
1245600,NM_203486.3(DLL3):c.352-260G>A,DLL3,Benign,"criteria provided, single submitter",,,NM_203486.3(DLL3):c.352-260G>A,,rs12981928,
1250483,NM_203486.3(DLL3):c.352-183dup,DLL3,Benign,"criteria provided, single submitter",,,NM_203486.3(DLL3):c.352-183dup,,rs369324363,
785624,NM_203486.3(DLL3):c.1758+90C>T,DLL3,Benign,"criteria provided, single submitter",,,NM_203486.3(DLL3):c.1758+90C>T,,rs140715276,
672988,NM_016941.3(DLL3):c.-195C>A,DLL3,Benign,"criteria provided, multiple submitters, no conflicts",,,NM_016941.3(DLL3):c.-195C>A,,rs73930737,
675053,NM_203486.3(DLL3):c.352-52A>G,DLL3,Benign,"criteria provided, multiple submitters, no conflicts",,,NM_203486.3(DLL3):c.352-52A>G,,rs2304222,
380469,NM_203486.3(DLL3):c.674G>A (p.Ser225Asn),DLL3,Benign,"criteria provided, multiple submitters, no conflicts",,,c.674G>A,,rs35380611,
2749729,NM_203486.3(DLL3):c.1434G>T (p.Ala478=),DLL3,Likely benign,"criteria provided, single submitter",,,c.1434G>T,,rs772222188,
4727968,NM_203486.3(DLL3):c.871-19T>C,DLL3,Likely benign,"criteria provided, single submitter",,,NM_203486.3(DLL3):c.871-19T>C,,,
3770963,NM_203486.3(DLL3):c.801C>T (p.Thr267=),DLL3,Likely benign,"criteria provided, single submitter",,,c.801C>T,,,
3717843,NM_203486.3(DLL3):c.1500C>A (p.Leu500=),DLL3,Likely benign,"criteria provided, single submitter",,,c.1500C>A,,,
3713052,NM_203486.3(DLL3):c.352-9C>T,DLL3,Likely benign,"criteria provided, single submitter",,,NM_203486.3(DLL3):c.352-9C>T,,,
3709838,NM_203486.3(DLL3):c.624A>C (p.Ala208=),DLL3,Likely benign,"criteria provided, single submitter",,,c.624A>C,,,
3706289,NM_203486.3(DLL3):c.1611C>A (p.Val537=),DLL3,Likely benign,"criteria provided, single submitter",,,c.1611C>A,,,
2776538,NM_203486.3(DLL3):c.1056G>A (p.Lys352=),DLL3,Likely benign,"criteria provided, single submitter",,,c.1056G>A,,rs376526613,
2776299,NM_203486.3(DLL3):c.610C>T (p.Leu204=),LOC130064417,Likely benign,"criteria provided, single submitter",,,c.610C>T,,rs1017969999,
2776230,NM_203486.3(DLL3):c.1371C>T (p.Pro457=),DLL3,Likely benign,"criteria provided, single submitter",,,c.1371C>T,,rs1299974215,
2776086,NM_203486.3(DLL3):c.141G>A (p.Arg47=),DLL3,Likely benign,"criteria provided, single submitter",,,c.141G>A,,rs1366072739,
2775467,NM_203486.3(DLL3):c.24G>T (p.Gly8=),DLL3,Likely benign,"criteria provided, single submitter",,,c.24G>T,,rs1600751210,
2772589,NM_203486.3(DLL3):c.492C>A (p.Arg164=),LOC130064417,Likely benign,"criteria provided, single submitter",,,c.492C>A,,rs1200432050,
2772031,NM_203486.3(DLL3):c.870+14T>C,DLL3,Likely benign,"criteria provided, single submitter",,,NM_203486.3(DLL3):c.870+14T>C,,rs2514645651,
2770071,NM_203486.3(DLL3):c.1332C>T (p.Cys444=),DLL3,Likely benign,"criteria provided, single submitter",,,c.1332C>T,,rs1218807587,
2766682,NM_203486.3(DLL3):c.513C>T (p.Arg171=),DLL3,Likely benign,"criteria provided, single submitter",,,c.513C>T,,rs984792348,
329238,NM_203486.3(DLL3):c.1356C>T (p.Val452=),DLL3,Likely benign,"criteria provided, multiple submitters, no conflicts",,,c.1356C>T,,rs554268445,
3680194,NM_203486.3(DLL3):c.1743C>T (p.Ser581=),DLL3,Likely benign,"criteria provided, single submitter",,,c.1743C>T,,,
3678956,NM_203486.3(DLL3):c.870+13C>T,DLL3,Likely benign,"criteria provided, single submitter",,,NM_203486.3(DLL3):c.870+13C>T,,,
2713947,NM_203486.3(DLL3):c.1161C>T (p.Arg387=),DLL3,Likely benign,"criteria provided, single submitter",,,c.1161C>T,,rs2144764006,
2781705,NM_203486.3(DLL3):c.653-15C>T,DLL3,Likely benign,"criteria provided, single submitter",,,NM_203486.3(DLL3):c.653-15C>T,,rs2514645343,
2781251,NM_203486.3(DLL3):c.351+12C>T,DLL3,Likely benign,"criteria provided, single submitter",,,NM_203486.3(DLL3):c.351+12C>T,,rs2079597411,
2781051,NM_203486.3(DLL3):c.531C>G (p.Arg177=),DLL3,Likely benign,"criteria provided, single submitter",,,c.531C>G,,rs1013696397,
2778687,NM_203486.3(DLL3):c.498C>T (p.Gly166=),DLL3,Likely benign,"criteria provided, single submitter",,,c.498C>T,,rs2514643759,
2777609,NM_203486.3(DLL3):c.653-18C>G,DLL3,Likely benign,"criteria provided, single submitter",,,NM_203486.3(DLL3):c.653-18C>G,,rs148157639,
329232,NM_203486.3(DLL3):c.618C>T (p.Pro206=),DLL3,Likely benign,"criteria provided, multiple submitters, no conflicts",,,c.618C>T,,rs192624990,
2763447,NM_203486.3(DLL3):c.1173C>T (p.Asp391=),DLL3,Likely benign,"criteria provided, single submitter",,,c.1173C>T,,rs779723472,
2760468,NM_203486.3(DLL3):c.165C>A (p.Pro55=),DLL3,Likely benign,"criteria provided, single submitter",,,c.165C>A,,rs2514639703,
2759535,NM_203486.3(DLL3):c.1479G>A (p.Leu493=),DLL3,Likely benign,"criteria provided, single submitter",,,c.1479G>A,,rs1250832439,
2759533,NM_203486.3(DLL3):c.1440G>A (p.Pro480=),DLL3,Likely benign,"criteria provided, single submitter",,,c.1440G>A,,rs2514649486,
2759379,NM_203486.3(DLL3):c.711C>T (p.Cys237=),DLL3,Likely benign,"criteria provided, single submitter",,,c.711C>T,,rs2514645434,
2749930,NM_203486.3(DLL3):c.1635C>T (p.Asn545=),DLL3,Likely benign,"criteria provided, single submitter",,,c.1635C>T,,rs2514650030,
2711347,NM_203486.3(DLL3):c.1146C>A (p.Gly382=),DLL3,Likely benign,"criteria provided, single submitter",,,c.1146C>A,,rs2514648595,
2710964,NM_203486.3(DLL3):c.352-4C>T,DLL3,Likely benign,"criteria provided, single submitter",,,NM_203486.3(DLL3):c.352-4C>T,,rs2514641506,
2709656,NM_203486.3(DLL3):c.870+15T>G,DLL3,Likely benign,"criteria provided, single submitter",,,NM_203486.3(DLL3):c.870+15T>G,,rs2514645653,
2709459,NM_203486.3(DLL3):c.282C>G (p.Pro94=),DLL3,Likely benign,"criteria provided, single submitter",,,c.282C>G,,rs2079596507,
2706298,NM_203486.3(DLL3):c.410-7C>A,DLL3,Likely benign,"criteria provided, single submitter",,,NM_203486.3(DLL3):c.410-7C>A,,rs2079616887,
2704902,NM_203486.3(DLL3):c.870+17C>G,DLL3,Likely benign,"criteria provided, single submitter",,,NM_203486.3(DLL3):c.870+17C>G,,rs2514645655,
2704869,NM_203486.3(DLL3):c.1674-18C>G,DLL3,Likely benign,"criteria provided, single submitter",,,NM_203486.3(DLL3):c.1674-18C>G,,rs2514650414,
2704406,NM_203486.3(DLL3):c.1224G>A (p.Glu408=),DLL3,Likely benign,"criteria provided, single submitter",,,c.1224G>A,,rs2514648779,
2701282,NM_203486.3(DLL3):c.585C>T (p.Ser195=),DLL3,Likely benign,"criteria provided, single submitter",,,c.585C>T,,rs2514644055,
2699645,NM_203486.3(DLL3):c.579G>C (p.Pro193=),LOC130064417,Likely benign,"criteria provided, single submitter",,,c.579G>C,,rs557730459,
2696613,NM_203486.3(DLL3):c.96G>A (p.Leu32=),DLL3,Likely benign,"criteria provided, single submitter",,,c.96G>A,,rs1212883648,
2694991,NM_203486.3(DLL3):c.653-6C>T,DLL3,Likely benign,"criteria provided, single submitter",,,NM_203486.3(DLL3):c.653-6C>T,,rs2514645349,
2747896,NM_203486.3(DLL3):c.1509G>A (p.Ala503=),DLL3,Likely benign,"criteria provided, single submitter",,,c.1509G>A,,rs2079650462,
2746133,NM_203486.3(DLL3):c.1308C>A (p.Arg436=),DLL3,Likely benign,"criteria provided, single submitter",,,c.1308C>A,,rs2514649045,
2744935,NM_203486.3(DLL3):c.352-18C>A,DLL3,Likely benign,"criteria provided, single submitter",,,NM_203486.3(DLL3):c.352-18C>A,,rs2304223,
2743708,NM_203486.3(DLL3):c.1093+3GAGGCCTG[3],DLL3,Likely benign,"criteria provided, single submitter",,,NM_203486.3(DLL3):c.1093+3GAGGCCTG[3],,rs1195460511,
2796209,NM_203486.3(DLL3):c.945A>G (p.Thr315=),DLL3,Likely benign,"criteria provided, single submitter",,,c.945A>G,,rs2514646531,
2794791,NM_203486.3(DLL3):c.1653G>A (p.Glu551=),DLL3,Likely benign,"criteria provided, single submitter",,,c.1653G>A,,rs2514650059,
2792785,NM_203486.3(DLL3):c.351+16G>T,DLL3,Likely benign,"criteria provided, single submitter",,,NM_203486.3(DLL3):c.351+16G>T,,rs1417295937,
2791913,NM_203486.3(DLL3):c.1758+21C>T,DLL3,Likely benign,"criteria provided, single submitter",,,NM_203486.3(DLL3):c.1758+21C>T,,rs770611082,
2791709,NM_203486.3(DLL3):c.1119C>T (p.His373=),DLL3,Likely benign,"criteria provided, single submitter",,,c.1119C>T,,rs1166408723,
2791452,NM_203486.3(DLL3):c.66C>T (p.Pro22=),DLL3,Likely benign,"criteria provided, single submitter",,,c.66C>T,,rs1472173998,
2791041,NM_203486.3(DLL3):c.1752T>C (p.Ala584=),DLL3,Likely benign,"criteria provided, single submitter",,,c.1752T>C,,rs750763232,
2791017,NM_203486.3(DLL3):c.1758+58C>T,DLL3,Likely benign,"criteria provided, single submitter",,,NM_203486.3(DLL3):c.1758+58C>T,,rs2079655079,
2789049,NM_203486.3(DLL3):c.351+11C>G,DLL3,Likely benign,"criteria provided, single submitter",,,NM_203486.3(DLL3):c.351+11C>G,,rs1297958290,
2785904,NM_203486.3(DLL3):c.618C>G (p.Pro206=),DLL3,Likely benign,"criteria provided, single submitter",,,c.618C>G,,rs192624990,
2785864,NM_203486.3(DLL3):c.1386G>A (p.Ala462=),DLL3,Likely benign,"criteria provided, single submitter",,,c.1386G>A,,rs561167838,
2785678,NM_203486.3(DLL3):c.1344C>T (p.Phe448=),DLL3,Likely benign,"criteria provided, single submitter",,,c.1344C>T,,rs1453643209,
2782779,NM_203486.3(DLL3):c.1362T>G (p.Ala454=),DLL3,Likely benign,"criteria provided, single submitter",,,c.1362T>G,,rs768998068,
2782363,NM_203486.3(DLL3):c.432G>A (p.Ala144=),DLL3,Likely benign,"criteria provided, single submitter",,,c.432G>A,,rs1304889128,
2713225,NM_203486.3(DLL3):c.1203T>C (p.Ala401=),DLL3,Likely benign,"criteria provided, single submitter",,,c.1203T>C,,rs1283192313,
2711554,NM_203486.3(DLL3):c.102C>T (p.Ile34=),DLL3,Likely benign,"criteria provided, single submitter",,,c.102C>T,,rs2514639523,
2806855,NM_203486.3(DLL3):c.1094-13C>G,DLL3,Likely benign,"criteria provided, single submitter",,,NM_203486.3(DLL3):c.1094-13C>G,,rs2079644767,
2806433,NM_203486.3(DLL3):c.1584G>A (p.Leu528=),DLL3,Likely benign,"criteria provided, single submitter",,,c.1584G>A,,rs1185127957,
2806432,NM_203486.3(DLL3):c.117G>A (p.Pro39=),DLL3,Likely benign,"criteria provided, single submitter",,,c.117G>A,,rs775631906,
2803834,NM_203486.3(DLL3):c.603T>G (p.Gly201=),DLL3,Likely benign,"criteria provided, single submitter",,,c.603T>G,,rs1600754662,
2803066,NM_203486.3(DLL3):c.1347C>A (p.Ser449=),DLL3,Likely benign,"criteria provided, single submitter",,,c.1347C>A,,rs777164429,
2802996,NM_203486.3(DLL3):c.315C>T (p.Asp105=),DLL3,Likely benign,"criteria provided, single submitter",,,c.315C>T,,rs747006042,
2800675,NM_203486.3(DLL3):c.1095C>G (p.Gly365=),DLL3,Likely benign,"criteria provided, single submitter",,,c.1095C>G,,rs768362076,
2799948,NM_203486.3(DLL3):c.621C>T (p.Cys207=),DLL3,Likely benign,"criteria provided, single submitter",,,c.621C>T,,rs771875570,
2799732,NM_203486.3(DLL3):c.871-17C>G,DLL3,Likely benign,"criteria provided, single submitter",,,NM_203486.3(DLL3):c.871-17C>G,,rs1373512636,
2799270,NM_203486.3(DLL3):c.24G>C (p.Gly8=),DLL3,Likely benign,"criteria provided, single submitter",,,c.24G>C,,rs1600751210,
2171746,NM_203486.3(DLL3):c.594G>A (p.Ser198=),DLL3,Likely benign,"criteria provided, single submitter",,,c.594G>A,,rs756151698,
2130755,NM_203486.3(DLL3):c.1368T>A (p.Ala456=),DLL3,Likely benign,"criteria provided, single submitter",,,c.1368T>A,,rs1344451548,
2125603,NM_203486.3(DLL3):c.653_654inv (p.Leu218Pro),DLL3,Likely benign,"criteria provided, single submitter",,,c.653_654inv,,,
2123320,NM_203486.3(DLL3):c.870+12C>T,DLL3,Likely benign,"criteria provided, single submitter",,,NM_203486.3(DLL3):c.870+12C>T,,rs180859782,
2797823,NM_203486.3(DLL3):c.1239C>T (p.His413=),DLL3,Likely benign,"criteria provided, single submitter",,,c.1239C>T,,rs1247636492,
2796741,NM_203486.3(DLL3):c.759C>T (p.Ser253=),DLL3,Likely benign,"criteria provided, single submitter",,,c.759C>T,,rs1321795229,
2823916,NM_203486.3(DLL3):c.1521C>T (p.Gly507=),DLL3,Likely benign,"criteria provided, single submitter",,,c.1521C>T,,rs765306971,
2822613,NM_203486.3(DLL3):c.519G>C (p.Ser173=),DLL3,Likely benign,"criteria provided, single submitter",,,c.519G>C,,rs1433203624,
2822573,NM_203486.3(DLL3):c.846G>C (p.Pro282=),DLL3,Likely benign,"criteria provided, single submitter",,,c.846G>C,,rs372831253,
2822148,NM_203486.3(DLL3):c.1749C>T (p.Tyr583=),DLL3,Likely benign,"criteria provided, single submitter",,,c.1749C>T,,rs757766484,
2821273,NM_203486.3(DLL3):c.987G>A (p.Gly329=),DLL3,Likely benign,"criteria provided, single submitter",,,c.987G>A,,rs2514646632,
2116625,NM_203486.3(DLL3):c.70-7G>A,DLL3,Likely benign,"criteria provided, single submitter",,,NM_203486.3(DLL3):c.70-7G>A,,rs2514639420,
2097696,NM_203486.3(DLL3):c.1215G>C (p.Thr405=),DLL3,Likely benign,"criteria provided, single submitter",,,c.1215G>C,,rs537365183,
2072607,NM_203486.3(DLL3):c.75G>A (p.Arg25=),DLL3,Likely benign,"criteria provided, single submitter",,,c.75G>A,,rs370390772,
2070056,NM_203486.3(DLL3):c.291C>G (p.Pro97=),DLL3,Likely benign,"criteria provided, single submitter",,,c.291C>G,,rs375765151,
2056060,NM_203486.3(DLL3):c.653-7C>T,DLL3,Likely benign,"criteria provided, single submitter",,,NM_203486.3(DLL3):c.653-7C>T,,rs1464590891,
2820632,NM_203486.3(DLL3):c.352-19C>T,DLL3,Likely benign,"criteria provided, single submitter",,,NM_203486.3(DLL3):c.352-19C>T,,rs754371527,
2819324,NM_203486.3(DLL3):c.1758+87G>T,DLL3,Likely benign,"criteria provided, single submitter",,,NM_203486.3(DLL3):c.1758+87G>T,,rs746856386,
2818902,NM_203486.3(DLL3):c.228G>A (p.Pro76=),DLL3,Likely benign,"criteria provided, single submitter",,,c.228G>A,,rs1187865013,
2815645,NM_203486.3(DLL3):c.909G>T (p.Gly303=),DLL3,Likely benign,"criteria provided, single submitter",,,c.909G>T,,rs749425668,
2815509,NM_203486.3(DLL3):c.1209C>T (p.Gly403=),DLL3,Likely benign,"criteria provided, single submitter",,,c.1209C>T,,rs1193367886,
2811402,NM_203486.3(DLL3):c.312C>G (p.Pro104=),DLL3,Likely benign,"criteria provided, single submitter",,,c.312C>G,,rs2514640137,
2835288,NM_203486.3(DLL3):c.219C>T (p.Ala73=),DLL3,Likely benign,"criteria provided, single submitter",,,c.219C>T,,rs754633975,
2029986,NM_203486.3(DLL3):c.306A>T (p.Pro102=),DLL3,Likely benign,"criteria provided, single submitter",,,c.306A>T,,rs979216098,
1992866,NM_203486.3(DLL3):c.70-8C>T,DLL3,Likely benign,"criteria provided, single submitter",,,NM_203486.3(DLL3):c.70-8C>T,,rs1379076441,
1984557,NM_203486.3(DLL3):c.225C>T (p.Ser75=),DLL3,Likely benign,"criteria provided, single submitter",,,c.225C>T,,rs764815909,
1949842,NM_203486.3(DLL3):c.108T>C (p.Ser36=),DLL3,Likely benign,"criteria provided, single submitter",,,c.108T>C,,rs973226777,
2835184,NM_203486.3(DLL3):c.525C>T (p.Arg175=),DLL3,Likely benign,"criteria provided, single submitter",,,c.525C>T,,rs1227666241,
2833221,NM_203486.3(DLL3):c.1323C>T (p.Gly441=),DLL3,Likely benign,"criteria provided, single submitter",,,c.1323C>T,,rs1194497763,
2831406,NM_203486.3(DLL3):c.870+18C>T,DLL3,Likely benign,"criteria provided, single submitter",,,NM_203486.3(DLL3):c.870+18C>T,,rs2514645657,
2830115,NM_203486.3(DLL3):c.653-9C>T,DLL3,Likely benign,"criteria provided, single submitter",,,NM_203486.3(DLL3):c.653-9C>T,,rs973529611,
2828034,NM_203486.3(DLL3):c.1158T>C (p.Pro386=),DLL3,Likely benign,"criteria provided, single submitter",,,c.1158T>C,,rs1256745195,
2827365,NM_203486.3(DLL3):c.777C>T (p.Ser259=),DLL3,Likely benign,"criteria provided, single submitter",,,c.777C>T,,rs2514645501,
2826895,NM_203486.3(DLL3):c.1758+9G>T,DLL3,Likely benign,"criteria provided, single submitter",,,NM_203486.3(DLL3):c.1758+9G>T,,rs771937712,
2826878,NM_203486.3(DLL3):c.652+8C>G,DLL3,Likely benign,"criteria provided, single submitter",,,NM_203486.3(DLL3):c.652+8C>G,,rs1030526921,
2826876,NM_203486.3(DLL3):c.410-19C>G,DLL3,Likely benign,"criteria provided, single submitter",,,NM_203486.3(DLL3):c.410-19C>G,,rs2079616852,
2826163,NM_203486.3(DLL3):c.1407C>T (p.His469=),DLL3,Likely benign,"criteria provided, single submitter",,,c.1407C>T,,rs2514649388,
2825985,NM_203486.3(DLL3):c.1093+20A>C,DLL3,Likely benign,"criteria provided, single submitter",,,NM_203486.3(DLL3):c.1093+20A>C,,rs770788839,
1919866,NM_203486.3(DLL3):c.1353C>A (p.Leu451=),DLL3,Likely benign,"criteria provided, single submitter",,,c.1353C>A,,rs1415685121,
1904383,NM_203486.3(DLL3):c.453C>T (p.Arg151=),DLL3,Likely benign,"criteria provided, single submitter",,,c.453C>T,,rs925186060,
1896920,NM_203486.3(DLL3):c.652+16G>A,DLL3,Likely benign,"criteria provided, single submitter",,,NM_203486.3(DLL3):c.652+16G>A,,rs1007844764,
1666012,NM_203486.3(DLL3):c.1371C>G (p.Pro457=),DLL3,Likely benign,"criteria provided, single submitter",,,c.1371C>G,,rs1299974215,
2856076,NM_203486.3(DLL3):c.351+13C>G,DLL3,Likely benign,"criteria provided, single submitter",,,NM_203486.3(DLL3):c.351+13C>G,,rs1309568597,
2855977,NM_203486.3(DLL3):c.495A>G (p.Ala165=),LOC130064417,Likely benign,"criteria provided, single submitter",,,c.495A>G,,rs1196134419,
2853310,NM_203486.3(DLL3):c.858A>C (p.Gly286=),DLL3,Likely benign,"criteria provided, single submitter",,,c.858A>C,,rs1365650162,
2850358,NM_203486.3(DLL3):c.871-15C>T,DLL3,Likely benign,"criteria provided, single submitter",,,NM_203486.3(DLL3):c.871-15C>T,,rs1433221984,
2846410,NM_203486.3(DLL3):c.1530C>G (p.Leu510=),DLL3,Likely benign,"criteria provided, single submitter",,,c.1530C>G,,rs1192946122,
2843820,NM_203486.3(DLL3):c.1557C>T (p.Gly519=),DLL3,Likely benign,"criteria provided, single submitter",,,c.1557C>T,,rs2144764970,
2842409,NM_203486.3(DLL3):c.409+15T>A,DLL3,Likely benign,"criteria provided, single submitter",,,NM_203486.3(DLL3):c.409+15T>A,,rs2514641647,
2840380,NM_203486.3(DLL3):c.1266C>A (p.Gly422=),DLL3,Likely benign,"criteria provided, single submitter",,,c.1266C>A,,rs1689361922,
2837332,NM_203486.3(DLL3):c.549C>A (p.Val183=),DLL3,Likely benign,"criteria provided, single submitter",,,c.549C>A,,rs1332518991,
2837140,NM_203486.3(DLL3):c.264G>C (p.Pro88=),DLL3,Likely benign,"criteria provided, single submitter",,,c.264G>C,,rs772167504,
2835926,NM_203486.3(DLL3):c.73C>A (p.Arg25=),DLL3,Likely benign,"criteria provided, single submitter",,,c.73C>A,,rs2079594203,
2835791,NM_203486.3(DLL3):c.303C>T (p.Leu101=),DLL3,Likely benign,"criteria provided, single submitter",,,c.303C>T,,rs2514640106,
2859500,NM_203486.3(DLL3):c.1602G>A (p.Glu534=),DLL3,Likely benign,"criteria provided, single submitter",,,c.1602G>A,,rs979803867,
2858019,NM_203486.3(DLL3):c.1368T>C (p.Ala456=),DLL3,Likely benign,"criteria provided, single submitter",,,c.1368T>C,,rs1344451548,
2856348,NM_203486.3(DLL3):c.1206C>T (p.Asn402=),LOC130064418,Likely benign,"criteria provided, single submitter",,,c.1206C>T,,rs1239647955,
1658211,NM_203486.3(DLL3):c.936C>T (p.Ser312=),DLL3,Likely benign,"criteria provided, single submitter",,,c.936C>T,,rs766060828,
1654268,NM_203486.3(DLL3):c.1443G>C (p.Pro481=),DLL3,Likely benign,"criteria provided, single submitter",,,c.1443G>C,,rs760723858,
1645446,NM_203486.3(DLL3):c.1176G>A (p.Leu392=),DLL3,Likely benign,"criteria provided, single submitter",,,c.1176G>A,,rs765401126,
1643223,NM_203486.3(DLL3):c.1374C>T (p.Gly458=),DLL3,Likely benign,"criteria provided, single submitter",,,c.1374C>T,,rs767726697,
1638450,NM_203486.3(DLL3):c.409+14G>A,DLL3,Likely benign,"criteria provided, single submitter",,,NM_203486.3(DLL3):c.409+14G>A,,rs762606145,
1629963,NM_203486.3(DLL3):c.1152G>C (p.Ala384=),DLL3,Likely benign,"criteria provided, single submitter",,,c.1152G>C,,rs115456333,
1627895,NM_203486.3(DLL3):c.352-19_352-18delinsTG,DLL3,Likely benign,"criteria provided, single submitter",,,NM_203486.3(DLL3):c.352-19_352-18delinsTG,,rs2144756977,
1615725,NM_203486.3(DLL3):c.555C>T (p.Thr185=),DLL3,Likely benign,"criteria provided, single submitter",,,c.555C>T,,rs962616128,
1614633,NM_203486.3(DLL3):c.291C>T (p.Pro97=),DLL3,Likely benign,"criteria provided, single submitter",,,c.291C>T,,rs375765151,
1598021,NM_203486.3(DLL3):c.438G>C (p.Val146=),DLL3,Likely benign,"criteria provided, single submitter",,,c.438G>C,,rs986488775,
1597787,NM_203486.3(DLL3):c.804C>T (p.Thr268=),DLL3,Likely benign,"criteria provided, single submitter",,,c.804C>T,,rs776881747,
1576807,NM_203486.3(DLL3):c.615C>G (p.Arg205=),DLL3,Likely benign,"criteria provided, multiple submitters, no conflicts",,,c.615C>G,,rs780088167,
1567891,NM_203486.3(DLL3):c.653-8C>T,DLL3,Likely benign,"criteria provided, single submitter",,,NM_203486.3(DLL3):c.653-8C>T,,rs1246380380,
2873830,NM_203486.3(DLL3):c.648G>A (p.Ala216=),DLL3,Likely benign,"criteria provided, single submitter",,,c.648G>A,,rs1175826962,
2873371,NM_203486.3(DLL3):c.1647G>T (p.Thr549=),DLL3,Likely benign,"criteria provided, single submitter",,,c.1647G>T,,rs568745157,
1564385,NM_203486.3(DLL3):c.1585C>T (p.Leu529=),DLL3,Likely benign,"criteria provided, single submitter",,,c.1585C>T,,rs1055331,
1547616,NM_203486.3(DLL3):c.231C>T (p.Cys77=),DLL3,Likely benign,"criteria provided, single submitter",,,c.231C>T,,rs1471853910,
1540404,NM_203486.3(DLL3):c.241G>A (p.Ala81Thr),DLL3,Likely benign,"criteria provided, single submitter",,,c.241G>A,,rs553623075,
1508388,NM_203486.3(DLL3):c.1590T>A (p.Ala530=),DLL3,Likely benign,"criteria provided, single submitter",,,c.1590T>A,,rs771217320,
2873081,NM_203486.3(DLL3):c.1094-12C>T,DLL3,Likely benign,"criteria provided, single submitter",,,NM_203486.3(DLL3):c.1094-12C>T,,rs1292734907,
2872645,NM_203486.3(DLL3):c.903G>T (p.Pro301=),DLL3,Likely benign,"criteria provided, single submitter",,,c.903G>T,,rs148016836,
2871457,NM_203486.3(DLL3):c.351+20G>T,DLL3,Likely benign,"criteria provided, single submitter",,,NM_203486.3(DLL3):c.351+20G>T,,rs1489112814,
2869897,NM_203486.3(DLL3):c.930G>A (p.Glu310=),DLL3,Likely benign,"criteria provided, single submitter",,,c.930G>A,,rs773079824,
2865919,NM_203486.3(DLL3):c.1673+9C>T,DLL3,Likely benign,"criteria provided, single submitter",,,NM_203486.3(DLL3):c.1673+9C>T,,rs758967898,
2864232,NM_203486.3(DLL3):c.718C>T (p.Leu240=),DLL3,Likely benign,"criteria provided, single submitter",,,c.718C>T,,rs2514645444,
2863071,NM_203486.3(DLL3):c.1094-11C>T,DLL3,Likely benign,"criteria provided, single submitter",,,NM_203486.3(DLL3):c.1094-11C>T,,rs2514648470,
2861518,NM_203486.3(DLL3):c.273C>G (p.Thr91=),DLL3,Likely benign,"criteria provided, single submitter",,,c.273C>G,,rs766166052,
2860624,NM_203486.3(DLL3):c.483C>T (p.Asp161=),DLL3,Likely benign,"criteria provided, single submitter",,,c.483C>T,,rs2079617876,
2859507,NM_203486.3(DLL3):c.756C>A (p.Val252=),DLL3,Likely benign,"criteria provided, single submitter",,,c.756C>A,,rs2514645480,
1475800,NM_203486.3(DLL3):c.1094-9T>A,DLL3,Likely benign,"criteria provided, single submitter",,,NM_203486.3(DLL3):c.1094-9T>A,,rs2144763849,
1443707,NM_203486.3(DLL3):c.1188G>A (p.Ala396=),DLL3,Likely benign,"criteria provided, single submitter",,,c.1188G>A,,rs771693899,
1420471,NM_203486.3(DLL3):c.1674-7C>G,DLL3,Likely benign,"criteria provided, single submitter",,,NM_203486.3(DLL3):c.1674-7C>G,,rs761723380,
2889672,NM_203486.3(DLL3):c.1581C>T (p.Arg527=),DLL3,Likely benign,"criteria provided, single submitter",,,c.1581C>T,,rs376283152,
2888082,NM_203486.3(DLL3):c.1200C>T (p.Cys400=),DLL3,Likely benign,"criteria provided, single submitter",,,c.1200C>T,,rs2514648731,
2884758,NM_203486.3(DLL3):c.1470C>T (p.Arg490=),DLL3,Likely benign,"criteria provided, single submitter",,,c.1470C>T,,rs756788459,
2883665,NM_203486.3(DLL3):c.972C>T (p.Gly324=),DLL3,Likely benign,"criteria provided, single submitter",,,c.972C>T,,rs756522217,
2881383,NM_203486.3(DLL3):c.456G>A (p.Leu152=),DLL3,Likely benign,"criteria provided, single submitter",,,c.456G>A,,rs774107458,
2879804,NM_203486.3(DLL3):c.282C>T (p.Pro94=),DLL3,Likely benign,"criteria provided, single submitter",,,c.282C>T,,rs2079596507,
2876771,NM_203486.3(DLL3):c.135C>T (p.Ala45=),DLL3,Likely benign,"criteria provided, single submitter",,,c.135C>T,,rs1324705615,
2876683,NM_203486.3(DLL3):c.1455C>G (p.Pro485=),DLL3,Likely benign,"criteria provided, single submitter",,,c.1455C>G,,rs759560622,
2876650,NM_203486.3(DLL3):c.591C>G (p.Pro197=),DLL3,Likely benign,"criteria provided, single submitter",,,c.591C>G,,rs1276073872,
2876217,NM_203486.3(DLL3):c.1527G>C (p.Ala509=),DLL3,Likely benign,"criteria provided, single submitter",,,c.1527G>C,,rs763949120,
2874108,NM_203486.3(DLL3):c.417C>A (p.Ala139=),DLL3,Likely benign,"criteria provided, single submitter",,,c.417C>A,,rs1234536601,
2873990,NM_203486.3(DLL3):c.653-9C>A,DLL3,Likely benign,"criteria provided, single submitter",,,NM_203486.3(DLL3):c.653-9C>A,,rs973529611,
2873968,NM_203486.3(DLL3):c.1673+7G>A,DLL3,Likely benign,"criteria provided, single submitter",,,NM_203486.3(DLL3):c.1673+7G>A,,rs753229267,
1411609,NM_203486.3(DLL3):c.1470C>G (p.Arg490=),DLL3,Likely benign,"criteria provided, single submitter",,,c.1470C>G,,rs756788459,
2954613,NM_203486.3(DLL3):c.1113G>T (p.Leu371=),DLL3,Likely benign,"criteria provided, single submitter",,,c.1113G>T,,rs767031027,
2919779,NM_203486.3(DLL3):c.1255C>T (p.Leu419=),DLL3,Likely benign,"criteria provided, single submitter",,,c.1255C>T,,rs2079646600,
2908677,NM_203486.3(DLL3):c.1673+7G>T,DLL3,Likely benign,"criteria provided, single submitter",,,NM_203486.3(DLL3):c.1673+7G>T,,rs753229267,
2908637,NM_203486.3(DLL3):c.1296G>A (p.Pro432=),DLL3,Likely benign,"criteria provided, single submitter",,,c.1296G>A,,rs751762334,
2908206,NM_203486.3(DLL3):c.264G>A (p.Pro88=),DLL3,Likely benign,"criteria provided, single submitter",,,c.264G>A,,rs772167504,
2907720,NM_203486.3(DLL3):c.822G>A (p.Gly274=),DLL3,Likely benign,"criteria provided, single submitter",,,c.822G>A,,rs1177306436,
2907613,NM_203486.3(DLL3):c.246G>T (p.Ala82=),DLL3,Likely benign,"criteria provided, single submitter",,,c.246G>T,,rs1473784527,
2906860,NM_203486.3(DLL3):c.1143C>G (p.Ala381=),DLL3,Likely benign,"criteria provided, single submitter",,,c.1143C>G,,rs367573123,
2906830,NM_203486.3(DLL3):c.307C>T (p.Leu103=),DLL3,Likely benign,"criteria provided, single submitter",,,c.307C>T,,rs1402142919,
2904644,NM_203486.3(DLL3):c.1470C>A (p.Arg490=),DLL3,Likely benign,"criteria provided, single submitter",,,c.1470C>A,,rs756788459,
2900887,NM_203486.3(DLL3):c.1758+21C>G,DLL3,Likely benign,"criteria provided, single submitter",,,NM_203486.3(DLL3):c.1758+21C>G,,rs770611082,
2900682,NM_203486.3(DLL3):c.1758+87G>A,DLL3,Likely benign,"criteria provided, single submitter",,,NM_203486.3(DLL3):c.1758+87G>A,,rs746856386,
2899477,NM_203486.3(DLL3):c.549C>G (p.Val183=),DLL3,Likely benign,"criteria provided, single submitter",,,c.549C>G,,rs1332518991,
2894582,NM_203486.3(DLL3):c.1489C>T (p.Leu497=),DLL3,Likely benign,"criteria provided, single submitter",,,c.1489C>T,,rs1169320479,
2890065,NM_203486.3(DLL3):c.837C>T (p.Asp279=),DLL3,Likely benign,"criteria provided, single submitter",,,c.837C>T,,rs200850430,
3677802,NM_203486.3(DLL3):c.1449C>A (p.Leu483=),DLL3,Likely benign,"criteria provided, single submitter",,,c.1449C>A,,,
3677140,NM_203486.3(DLL3):c.1170C>T (p.His390=),DLL3,Likely benign,"criteria provided, single submitter",,,c.1170C>T,,,
3674868,NM_203486.3(DLL3):c.1094-11C>G,DLL3,Likely benign,"criteria provided, single submitter",,,NM_203486.3(DLL3):c.1094-11C>G,,,
3656451,NM_203486.3(DLL3):c.1539C>A (p.Val513=),DLL3,Likely benign,"criteria provided, single submitter",,,c.1539C>A,,,
3644764,NM_203486.3(DLL3):c.1146C>G (p.Gly382=),DLL3,Likely benign,"criteria provided, single submitter",,,c.1146C>G,,,
3641975,NM_203486.3(DLL3):c.1094-16G>A,DLL3,Likely benign,"criteria provided, single submitter",,,NM_203486.3(DLL3):c.1094-16G>A,,,
3640581,NM_203486.3(DLL3):c.123A>G (p.Pro41=),DLL3,Likely benign,"criteria provided, single submitter",,,c.123A>G,,,
3628317,NM_203486.3(DLL3):c.652+7C>A,DLL3,Likely benign,"criteria provided, single submitter",,,NM_203486.3(DLL3):c.652+7C>A,,,
3626390,NM_203486.3(DLL3):c.1094-18A>G,DLL3,Likely benign,"criteria provided, single submitter",,,NM_203486.3(DLL3):c.1094-18A>G,,,
618062,NM_203486.3(DLL3):c.747G>A (p.Thr249=),DLL3,Likely benign,"criteria provided, multiple submitters, no conflicts",,,c.747G>A,,rs146906924,
618061,NM_203486.3(DLL3):c.1386G>T (p.Ala462=),DLL3,Likely benign,"criteria provided, multiple submitters, no conflicts",,,c.1386G>T,,rs561167838,
3626074,NM_203486.3(DLL3):c.591C>T (p.Pro197=),DLL3,Likely benign,"criteria provided, single submitter",,,c.591C>T,,,
2958969,NM_203486.3(DLL3):c.1551C>T (p.Arg517=),DLL3,Likely benign,"criteria provided, single submitter",,,c.1551C>T,,rs767114247,
2958392,NM_203486.3(DLL3):c.1104C>T (p.Cys368=),DLL3,Likely benign,"criteria provided, single submitter",,,c.1104C>T,,rs2079644958,
2956796,NM_203486.3(DLL3):c.1093+20A>T,DLL3,Likely benign,"criteria provided, single submitter",,,NM_203486.3(DLL3):c.1093+20A>T,,rs770788839,
2955518,NM_203486.3(DLL3):c.1095C>A (p.Gly365=),DLL3,Likely benign,"criteria provided, single submitter",,,c.1095C>A,,rs768362076,
1187180,NM_203486.3(DLL3):c.352-188C>G,DLL3,Likely benign,"criteria provided, multiple submitters, no conflicts",,,NM_203486.3(DLL3):c.352-188C>G,,rs534557140,
1186151,NM_203486.3(DLL3):c.1093+313G>A,DLL3,Likely benign,"criteria provided, single submitter",,,NM_203486.3(DLL3):c.1093+313G>A,,rs146065522,
1148757,NM_203486.3(DLL3):c.468C>G (p.Gly156=),DLL3,Likely benign,"criteria provided, single submitter",,,c.468C>G,,rs1214956133,
1146817,NM_203486.3(DLL3):c.471G>A (p.Pro157=),DLL3,Likely benign,"criteria provided, single submitter",,,c.471G>A,,rs935221144,
1144879,NM_203486.3(DLL3):c.1500C>T (p.Leu500=),DLL3,Likely benign,"criteria provided, multiple submitters, no conflicts",,,c.1500C>T,,rs776872996,
1300429,NM_203486.3(DLL3):c.*191A>T,DLL3,Likely benign,"criteria provided, single submitter",,,NM_203486.3(DLL3):c.*191A>T,,rs73551869,
2970402,NM_203486.3(DLL3):c.1317T>C (p.Ala439=),DLL3,Likely benign,"criteria provided, single submitter",,,c.1317T>C,,rs2514649076,
2970358,NM_203486.3(DLL3):c.1758+18C>T,DLL3,Likely benign,"criteria provided, single submitter",,,NM_203486.3(DLL3):c.1758+18C>T,,rs773012836,
2968795,NM_203486.3(DLL3):c.681G>A (p.Glu227=),DLL3,Likely benign,"criteria provided, single submitter",,,c.681G>A,,rs760811405,
2965461,NM_203486.3(DLL3):c.948T>C (p.Cys316=),DLL3,Likely benign,"criteria provided, single submitter",,,c.948T>C,,rs1044831788,
2963317,NM_203486.3(DLL3):c.1758+12C>A,DLL3,Likely benign,"criteria provided, single submitter",,,NM_203486.3(DLL3):c.1758+12C>A,,rs267605476,
2962237,NM_203486.3(DLL3):c.519G>T (p.Ser173=),DLL3,Likely benign,"criteria provided, single submitter",,,c.519G>T,,rs1433203624,
2960354,NM_203486.3(DLL3):c.652+9T>C,DLL3,Likely benign,"criteria provided, single submitter",,,NM_203486.3(DLL3):c.652+9T>C,,rs2514644338,
2959816,NM_203486.3(DLL3):c.1287C>G (p.Arg429=),DLL3,Likely benign,"criteria provided, single submitter",,,c.1287C>G,,rs1220811821,
2959496,NM_203486.3(DLL3):c.789G>A (p.Pro263=),DLL3,Likely benign,"criteria provided, single submitter",,,c.789G>A,,rs773579241,
2959072,NM_203486.3(DLL3):c.273C>T (p.Thr91=),DLL3,Likely benign,"criteria provided, single submitter",,,c.273C>T,,rs766166052,
2986928,NM_203486.3(DLL3):c.114G>T (p.Gly38=),DLL3,Likely benign,"criteria provided, single submitter",,,c.114G>T,,rs1026268120,
2985882,NM_203486.3(DLL3):c.1416C>T (p.Gly472=),DLL3,Likely benign,"criteria provided, single submitter",,,c.1416C>T,,rs187836169,
2981970,NM_203486.3(DLL3):c.444C>T (p.Gly148=),DLL3,Likely benign,"criteria provided, single submitter",,,c.444C>T,,rs1031616535,
2981489,NM_203486.3(DLL3):c.1094-16G>T,DLL3,Likely benign,"criteria provided, single submitter",,,NM_203486.3(DLL3):c.1094-16G>T,,rs759704108,
2978414,NM_203486.3(DLL3):c.652+8C>T,DLL3,Likely benign,"criteria provided, single submitter",,,NM_203486.3(DLL3):c.652+8C>T,,rs1030526921,
2976876,NM_203486.3(DLL3):c.1008C>T (p.Ala336=),DLL3,Likely benign,"criteria provided, single submitter",,,c.1008C>T,,rs1020245358,
2976149,NM_203486.3(DLL3):c.1167G>A (p.Glu389=),DLL3,Likely benign,"criteria provided, single submitter",,,c.1167G>A,,rs2079645678,
2974997,NM_203486.3(DLL3):c.9C>G (p.Ser3=),DLL3,Likely benign,"criteria provided, single submitter",,,c.9C>G,,rs377714119,
2970870,NM_203486.3(DLL3):c.1094-18A>T,DLL3,Likely benign,"criteria provided, single submitter",,,NM_203486.3(DLL3):c.1094-18A>T,,rs748892736,
1212346,NM_203486.3(DLL3):c.352-187C>A,DLL3,Likely benign,"criteria provided, multiple submitters, no conflicts",,,NM_203486.3(DLL3):c.352-187C>A,,rs370360787,
1209295,NM_203486.3(DLL3):c.1093+126G>T,DLL3,Likely benign,"criteria provided, single submitter",,,NM_203486.3(DLL3):c.1093+126G>T,,rs142732751,
1205713,NM_203486.3(DLL3):c.352-183_352-182del,DLL3,Likely benign,"criteria provided, single submitter",,,NM_203486.3(DLL3):c.352-183_352-182del,,rs1491428078,
1204706,NM_203486.3(DLL3):c.1093+256T>C,DLL3,Likely benign,"criteria provided, multiple submitters, no conflicts",,,NM_203486.3(DLL3):c.1093+256T>C,,rs113883332,
1201340,NM_203486.3(DLL3):c.352-189C>T,DLL3,Likely benign,"criteria provided, multiple submitters, no conflicts",,,NM_203486.3(DLL3):c.352-189C>T,,rs373295236,
1199598,NC_000019.10:g.39498870G>A,DLL3,Likely benign,"criteria provided, single submitter",,,NC_000019.10:g.39498870G>A,,rs181775242,
1188203,NM_203486.3(DLL3):c.653-30C>T,DLL3,Likely benign,"criteria provided, single submitter",,,NM_203486.3(DLL3):c.653-30C>T,,rs201579331,
2995929,NM_203486.3(DLL3):c.1191C>T (p.Gly397=),DLL3,Likely benign,"criteria provided, single submitter",,,c.1191C>T,,rs2514648712,
2995884,NM_203486.3(DLL3):c.1698T>C (p.Pro566=),DLL3,Likely benign,"criteria provided, single submitter",,,c.1698T>C,,rs1489749959,
2993416,NM_203486.3(DLL3):c.1230C>A (p.Gly410=),DLL3,Likely benign,"criteria provided, single submitter",,,c.1230C>A,,rs915496489,
2992971,NM_203486.3(DLL3):c.705T>C (p.Gly235=),DLL3,Likely benign,"criteria provided, single submitter",,,c.705T>C,,rs551166419,
994133,NM_203486.3(DLL3):c.138G>A (p.Pro46=),DLL3,Likely benign,"criteria provided, multiple submitters, no conflicts",,,c.138G>A,,rs987371248,
1118932,NM_203486.3(DLL3):c.1410C>T (p.Pro470=),DLL3,Likely benign,"criteria provided, single submitter",,,c.1410C>T,,rs2144764616,
1116814,NM_203486.3(DLL3):c.840G>A (p.Gly280=),DLL3,Likely benign,"criteria provided, single submitter",,,c.840G>A,,rs147079724,
1113309,NM_203486.3(DLL3):c.1093+9T>C,DLL3,Likely benign,"criteria provided, single submitter",,,NM_203486.3(DLL3):c.1093+9T>C,,rs373673891,
1093258,NM_203486.3(DLL3):c.417C>G (p.Ala139=),DLL3,Likely benign,"criteria provided, single submitter",,,c.417C>G,,rs1234536601,
1086988,NM_203486.3(DLL3):c.471G>T (p.Pro157=),DLL3,Likely benign,"criteria provided, single submitter",,,c.471G>T,,rs935221144,
2992159,NM_203486.3(DLL3):c.15G>A (p.Arg5=),DLL3,Likely benign,"criteria provided, single submitter",,,c.15G>A,,rs750165021,
2991336,NM_203486.3(DLL3):c.1107G>A (p.Leu369=),DLL3,Likely benign,"criteria provided, single submitter",,,c.1107G>A,,rs1046511015,
2990176,NM_203486.3(DLL3):c.1437C>T (p.Ala479=),DLL3,Likely benign,"criteria provided, single submitter",,,c.1437C>T,,rs2514649473,
2990093,NM_203486.3(DLL3):c.1413C>T (p.Asp471=),DLL3,Likely benign,"criteria provided, single submitter",,,c.1413C>T,,rs1354805440,
2990028,NM_203486.3(DLL3):c.246G>C (p.Ala82=),DLL3,Likely benign,"criteria provided, single submitter",,,c.246G>C,,rs1473784527,
2989643,NM_203486.3(DLL3):c.70-5C>G,DLL3,Likely benign,"criteria provided, single submitter",,,NM_203486.3(DLL3):c.70-5C>G,,rs2079594169,
810983,NM_203486.3(DLL3):c.409+61G>A,DLL3,Likely benign,"criteria provided, multiple submitters, no conflicts",,,NM_203486.3(DLL3):c.409+61G>A,,rs377405105,
799489,NM_203486.3(DLL3):c.579G>T (p.Pro193=),DLL3,Likely benign,"criteria provided, single submitter",,,c.579G>T,,rs557730459,
792877,NM_203486.3(DLL3):c.1293C>T (p.Asp431=),DLL3,Likely benign,"criteria provided, single submitter",,,c.1293C>T,,rs1270815638,
787572,NM_203486.3(DLL3):c.654G>T (p.Leu218=),DLL3,Likely benign,"criteria provided, single submitter",,,c.654G>T,,rs140489087,
892624,NM_203486.3(DLL3):c.*38A>G,DLL3,Likely benign,"criteria provided, single submitter",,,NM_203486.3(DLL3):c.*38A>G,,rs200982994,
3006412,NM_203486.3(DLL3):c.1674-9C>G,DLL3,Likely benign,"criteria provided, single submitter",,,NM_203486.3(DLL3):c.1674-9C>G,,rs2079653502,
3005894,NM_203486.3(DLL3):c.1158T>G (p.Pro386=),DLL3,Likely benign,"criteria provided, single submitter",,,c.1158T>G,,rs1256745195,
3005649,NM_203486.3(DLL3):c.630C>G (p.Leu210=),DLL3,Likely benign,"criteria provided, single submitter",,,c.630C>G,,rs2144759714,
3004781,NM_203486.3(DLL3):c.352-6A>G,DLL3,Likely benign,"criteria provided, single submitter",,,NM_203486.3(DLL3):c.352-6A>G,,rs1235666294,
3004547,NM_203486.3(DLL3):c.189C>T (p.Cys63=),DLL3,Likely benign,"criteria provided, single submitter",,,c.189C>T,,rs766185433,
3004348,NM_203486.3(DLL3):c.1174C>T (p.Leu392=),DLL3,Likely benign,"criteria provided, single submitter",,,c.1174C>T,,rs749059188,
3000908,NM_203486.3(DLL3):c.1299C>T (p.Cys433=),DLL3,Likely benign,"criteria provided, single submitter",,,c.1299C>T,,rs917121840,
2998851,NM_203486.3(DLL3):c.454T>C (p.Leu152=),DLL3,Likely benign,"criteria provided, single submitter",,,c.454T>C,,rs1294160420,
2998084,NM_203486.3(DLL3):c.1620C>T (p.Leu540=),DLL3,Likely benign,"criteria provided, single submitter",,,c.1620C>T,,rs775640643,
2998046,NM_203486.3(DLL3):c.1230C>T (p.Gly410=),DLL3,Likely benign,"criteria provided, single submitter",,,c.1230C>T,,rs915496489,
2997552,NM_203486.3(DLL3):c.501C>T (p.Ala167=),DLL3,Likely benign,"criteria provided, single submitter",,,c.501C>T,,rs1469469646,
3009025,NM_203486.3(DLL3):c.1125G>A (p.Leu375=),DLL3,Likely benign,"criteria provided, single submitter",,,c.1125G>A,,rs1458074707,
3502450,NM_203486.3(DLL3):c.22G>A (p.Gly8Arg),DLL3,Likely benign,"criteria provided, single submitter",,,c.22G>A,,,
3502439,NM_203486.3(DLL3):c.1758+17T>C,DLL3,Likely benign,"criteria provided, single submitter",,,NM_203486.3(DLL3):c.1758+17T>C,,,
3272315,NM_203486.3(DLL3):c.1694G>A (p.Arg565His),DLL3,Likely benign,"criteria provided, single submitter",,,c.1694G>A,,,
781485,NM_203486.3(DLL3):c.546C>T (p.Ala182=),DLL3,Likely benign,"criteria provided, single submitter",,,c.546C>T,,rs8106337,
758173,NM_203486.3(DLL3):c.1461C>T (p.Asp487=),DLL3,Likely benign,"criteria provided, single submitter",,,c.1461C>T,,rs752572755,
744723,NM_203486.3(DLL3):c.846G>A (p.Pro282=),DLL3,Likely benign,"criteria provided, single submitter",,,c.846G>A,,rs372831253,
742915,NM_203486.3(DLL3):c.903G>A (p.Pro301=),DLL3,Likely benign,"criteria provided, single submitter",,,c.903G>A,,rs148016836,
736417,NM_203486.3(DLL3):c.678T>G (p.Pro226=),DLL3,Likely benign,"criteria provided, single submitter",,,c.678T>G,,rs1600755461,
724020,NM_203486.3(DLL3):c.342C>T (p.Asp114=),DLL3,Likely benign,"criteria provided, single submitter",,,c.342C>T,,rs186303509,
720456,NM_203486.3(DLL3):c.702C>T (p.Pro234=),DLL3,Likely benign,"criteria provided, single submitter",,,c.702C>T,,rs1316480394,
672989,NM_203486.3(DLL3):c.372C>T (p.Ile124=),DLL3,Likely benign,"criteria provided, multiple submitters, no conflicts",,,c.372C>T,,rs143468961,
668476,NM_203486.3(DLL3):c.978G>A (p.Leu326=),DLL3,Likely benign,"criteria provided, single submitter",,,c.978G>A,,rs1600756334,
3053957,NM_203486.3(DLL3):c.1354G>A (p.Val452Ile),DLL3,Likely benign,no assertion criteria provided,,,c.1354G>A,,rs776036444,
3007475,NM_203486.3(DLL3):c.1179C>T (p.Asp393=),DLL3,Likely benign,"criteria provided, single submitter",,,c.1179C>T,,rs751604223,
811548,NM_203486.3(DLL3):c.870+12C>G,DLL3,Likely benign,"criteria provided, multiple submitters, no conflicts",,,NM_203486.3(DLL3):c.870+12C>G,,rs180859782,
2765796,NM_203486.3(DLL3):c.732T>G (p.Thr244=),DLL3,Likely benign,"criteria provided, single submitter",,,c.732T>G,,rs2514645456,
3035099,NM_203486.3(DLL3):c.1449C>G (p.Leu483=),DLL3,Likely benign,no assertion criteria provided,,,c.1449C>G,,rs1403647985,
3023590,NM_203486.3(DLL3):c.653-18C>T,DLL3,Likely benign,"criteria provided, single submitter",,,NM_203486.3(DLL3):c.653-18C>T,,rs148157639,
3021612,NM_203486.3(DLL3):c.1629A>G (p.Ala543=),DLL3,Likely benign,"criteria provided, single submitter",,,c.1629A>G,,rs774229336,
3020895,NM_203486.3(DLL3):c.409+7G>A,DLL3,Likely benign,"criteria provided, single submitter",,,NM_203486.3(DLL3):c.409+7G>A,,rs775367877,
3016088,NM_203486.3(DLL3):c.414C>T (p.Pro138=),DLL3,Likely benign,"criteria provided, single submitter",,,c.414C>T,,rs2079616946,
3015954,NM_203486.3(DLL3):c.409+20G>C,DLL3,Likely benign,"criteria provided, single submitter",,,NM_203486.3(DLL3):c.409+20G>C,,rs1310575091,
3015095,NM_203486.3(DLL3):c.1401A>C (p.Pro467=),DLL3,Likely benign,"criteria provided, single submitter",,,c.1401A>C,,rs756773286,
3014391,NM_203486.3(DLL3):c.462C>T (p.Ala154=),DLL3,Likely benign,"criteria provided, single submitter",,,c.462C>T,,rs2514643642,
3014127,NM_203486.3(DLL3):c.1673+12C>T,DLL3,Likely benign,"criteria provided, single submitter",,,NM_203486.3(DLL3):c.1673+12C>T,,rs778103139,
3013138,NM_203486.3(DLL3):c.157C>A (p.Arg53=),DLL3,Likely benign,"criteria provided, single submitter",,,c.157C>A,,rs1453291753,
3011927,NM_203486.3(DLL3):c.352-20C>T,DLL3,Likely benign,"criteria provided, single submitter",,,NM_203486.3(DLL3):c.352-20C>T,,rs767029113,
3011905,NM_203486.3(DLL3):c.1251C>T (p.Cys417=),DLL3,Likely benign,"criteria provided, single submitter",,,c.1251C>T,,rs2514648862,
3011194,NM_203486.3(DLL3):c.1518C>T (p.Ala506=),DLL3,Likely benign,"criteria provided, single submitter",,,c.1518C>T,,rs1478175326,
3011020,NM_203486.3(DLL3):c.555C>A (p.Thr185=),DLL3,Likely benign,"criteria provided, single submitter",,,c.555C>A,,rs962616128,
3010515,NM_203486.3(DLL3):c.1422C>T (p.Ser474=),DLL3,Likely benign,"criteria provided, single submitter",,,c.1422C>T,,rs769089751,
2732535,NM_203486.3(DLL3):c.1140C>T (p.Arg380=),DLL3,Likely benign,"criteria provided, single submitter",,,c.1140C>T,,rs934368057,
2731773,NM_203486.3(DLL3):c.871-8del,DLL3,Likely benign,"criteria provided, single submitter",,,NM_203486.3(DLL3):c.871-8del,,rs755016225,
2729937,NM_203486.3(DLL3):c.234C>T (p.Ala78=),DLL3,Likely benign,"criteria provided, single submitter",,,c.234C>T,,rs2514639897,
2725059,NM_203486.3(DLL3):c.1674-14C>T,DLL3,Likely benign,"criteria provided, single submitter",,,NM_203486.3(DLL3):c.1674-14C>T,,rs2514650421,
2722688,NM_203486.3(DLL3):c.1215G>T (p.Thr405=),DLL3,Likely benign,"criteria provided, single submitter",,,c.1215G>T,,rs537365183,
2722295,NM_203486.3(DLL3):c.273C>A (p.Thr91=),DLL3,Likely benign,"criteria provided, single submitter",,,c.273C>A,,rs766166052,
2721979,NM_203486.3(DLL3):c.132G>C (p.Gly44=),DLL3,Likely benign,"criteria provided, single submitter",,,c.132G>C,,rs774585627,
2715116,NM_203486.3(DLL3):c.352-5A>T,DLL3,Likely benign,"criteria provided, single submitter",,,NM_203486.3(DLL3):c.352-5A>T,,rs2514641503,
4721968,NM_203486.3(DLL3):c.984C>A (p.Val328=),DLL3,Likely benign,"criteria provided, single submitter",,,c.984C>A,,,
4708664,NM_203486.3(DLL3):c.780C>T (p.Pro260=),DLL3,Likely benign,"criteria provided, single submitter",,,c.780C>T,,,
4706841,NM_203486.3(DLL3):c.567C>T (p.Arg189=),DLL3,Likely benign,"criteria provided, single submitter",,,c.567C>T,,,
4706548,NM_203486.3(DLL3):c.1335C>T (p.Tyr445=),DLL3,Likely benign,"criteria provided, single submitter",,,c.1335C>T,,,
3698311,NM_203486.3(DLL3):c.871-8C>T,DLL3,Likely benign,"criteria provided, single submitter",,,NM_203486.3(DLL3):c.871-8C>T,,,
3693179,NM_203486.3(DLL3):c.1530C>T (p.Leu510=),DLL3,Likely benign,"criteria provided, single submitter",,,c.1530C>T,,,
3691476,NM_203486.3(DLL3):c.738C>G (p.Pro246=),DLL3,Likely benign,"criteria provided, single submitter",,,c.738C>G,,,
392716,NM_203486.3(DLL3):c.309G>A (p.Leu103=),DLL3,Likely benign,"criteria provided, multiple submitters, no conflicts",,,c.309G>A,,rs777915948,
2750788,NM_203486.3(DLL3):c.1094-7C>A,DLL3,Likely benign,"criteria provided, single submitter",,,NM_203486.3(DLL3):c.1094-7C>A,,rs1335628907,
2751938,NM_203486.3(DLL3):c.1737T>C (p.Ala579=),DLL3,Likely benign,"criteria provided, single submitter",,,c.1737T>C,,rs2514650597,
2752802,NM_203486.3(DLL3):c.240C>T (p.Gly80=),DLL3,Likely benign,"criteria provided, single submitter",,,c.240C>T,,rs2079595998,
2753733,NM_203486.3(DLL3):c.1431C>T (p.Pro477=),DLL3,Likely benign,"criteria provided, single submitter",,,c.1431C>T,,rs748469020,
2757111,NM_203486.3(DLL3):c.1311C>G (p.Pro437=),DLL3,Likely benign,"criteria provided, single submitter",,,c.1311C>G,,rs2514649058,
2758201,NM_203486.3(DLL3):c.410-10G>A,LOC130064417,Likely benign,"criteria provided, single submitter",,,NM_203486.3(DLL3):c.410-10G>A,,rs2079616877,
2758546,NM_203486.3(DLL3):c.1446C>T (p.Gly482=),DLL3,Likely benign,"criteria provided, single submitter",,,c.1446C>T,,rs1036897196,
4763577,NM_203486.3(DLL3):c.792C>T (p.Ser264=),DLL3,Likely benign,"criteria provided, single submitter",,,c.792C>T,,,
4769386,NM_203486.3(DLL3):c.69+18G>A,DLL3,Likely benign,"criteria provided, single submitter",,,NM_203486.3(DLL3):c.69+18G>A,,,
2758625,NM_203486.3(DLL3):c.423C>T (p.Ser141=),DLL3,Likely benign,"criteria provided, single submitter",,,c.423C>T,,rs756066182,
4439982,NM_203486.3(DLL3):c.653-1G>C,DLL3,,,,,NM_203486.3(DLL3):c.653-1G>C,,,
41377,NM_203486.3(DLL3):c.425T>A (p.Leu142Gln),DLL3,Benign/Likely benign,"criteria provided, multiple submitters, no conflicts",,,c.425T>A,,rs55741253,
4439987,NM_203486.3(DLL3):c.1759-14C>G,DLL3,,,,,NM_203486.3(DLL3):c.1759-14C>G,,,
4439986,NM_203486.3(DLL3):c.1512C>T (p.Gly504=),DLL3,,,,,c.1512C>T,,,
260775,NM_203486.3(DLL3):c.153C>T (p.Ser51=),DLL3,Conflicting classifications of pathogenicity,"criteria provided, conflicting classifications",,,c.153C>T,,rs373980582,
764837,NM_203486.3(DLL3):c.1388G>T (p.Arg463Leu),DLL3,Benign/Likely benign,"criteria provided, multiple submitters, no conflicts",,,c.1388G>T,,rs758148689,
737861,NM_203486.3(DLL3):c.1123C>T (p.Leu375=),DLL3,Conflicting classifications of pathogenicity,"criteria provided, conflicting classifications",,,c.1123C>T,,rs777253263,
711080,NM_203486.3(DLL3):c.1623G>A (p.Pro541=),DLL3,Conflicting classifications of pathogenicity,"criteria provided, conflicting classifications",,,c.1623G>A,,rs200988915,
892564,NM_203486.3(DLL3):c.984C>T (p.Val328=),DLL3,Conflicting classifications of pathogenicity,"criteria provided, conflicting classifications",,,c.984C>T,,rs138378695,
892563,NM_203486.3(DLL3):c.969C>T (p.Asn323=),DLL3,Conflicting classifications of pathogenicity,"criteria provided, conflicting classifications",,,c.969C>T,,rs139638161,
811612,NM_203486.3(DLL3):c.352-15C>T,DLL3,Conflicting classifications of pathogenicity,"criteria provided, conflicting classifications",,,NM_203486.3(DLL3):c.352-15C>T,,rs201902809,
786670,NM_203486.3(DLL3):c.160C>A (p.Leu54Ile),DLL3,Benign/Likely benign,"criteria provided, multiple submitters, no conflicts",,,c.160C>A,,rs200673897,
894238,NM_203486.3(DLL3):c.1674-9C>T,DLL3,Conflicting classifications of pathogenicity,"criteria provided, conflicting classifications",,,NM_203486.3(DLL3):c.1674-9C>T,,rs2079653502,
894207,NM_203486.3(DLL3):c.1140C>G (p.Arg380=),DLL3,Conflicting classifications of pathogenicity,"criteria provided, conflicting classifications",,,c.1140C>G,,rs934368057,
893401,NM_203486.3(DLL3):c.1455C>T (p.Pro485=),DLL3,Conflicting classifications of pathogenicity,"criteria provided, conflicting classifications",,,c.1455C>T,,rs759560622,
893342,NM_203486.3(DLL3):c.652+15C>T,DLL3,Conflicting classifications of pathogenicity,"criteria provided, conflicting classifications",,,NM_203486.3(DLL3):c.652+15C>T,,rs528327447,
893125,NM_203486.3(DLL3):c.615C>T (p.Arg205=),DLL3,Conflicting classifications of pathogenicity,"criteria provided, conflicting classifications",,,c.615C>T,,rs780088167,
993545,NM_203486.3(DLL3):c.409+19G>T,DLL3,Benign/Likely benign,"criteria provided, multiple submitters, no conflicts",,,NM_203486.3(DLL3):c.409+19G>T,,rs201227250,
894613,NM_203486.3(DLL3):c.1302C>T (p.Ala434=),DLL3,Conflicting classifications of pathogenicity,"criteria provided, conflicting classifications",,,c.1302C>T,,rs750457185,
894587,NM_203486.3(DLL3):c.933G>A (p.Val311=),DLL3,Conflicting classifications of pathogenicity,"criteria provided, conflicting classifications",,,c.933G>A,,rs760420806,
894549,NM_203486.3(DLL3):c.564G>T (p.Thr188=),DLL3,Conflicting classifications of pathogenicity,"criteria provided, conflicting classifications",,,c.564G>T,,rs767676342,
1167975,NM_203486.3(DLL3):c.1416C>A (p.Gly472=),DLL3,Benign/Likely benign,"criteria provided, multiple submitters, no conflicts",,,c.1416C>A,,rs187836169,
593380,NM_203486.3(DLL3):c.63C>T (p.Leu21=),DLL3,Benign/Likely benign,"criteria provided, multiple submitters, no conflicts",,,c.63C>T,,rs146255899,
515510,NM_203486.3(DLL3):c.1758+57C>T,DLL3,Conflicting classifications of pathogenicity,"criteria provided, conflicting classifications",,,NM_203486.3(DLL3):c.1758+57C>T,,rs147582946,
501672,NM_203486.3(DLL3):c.616C>G (p.Pro206Ala),LOC130064417,Conflicting classifications of pathogenicity,"criteria provided, conflicting classifications",,,c.616C>G,,rs376905666,
499140,NM_203486.3(DLL3):c.982G>T (p.Val328Phe),DLL3,Conflicting classifications of pathogenicity,"criteria provided, conflicting classifications",,,c.982G>T,,rs749513254,
1408625,NM_203486.3(DLL3):c.713G>A (p.Arg238Gln),DLL3,Conflicting classifications of pathogenicity,"criteria provided, conflicting classifications",,,c.713G>A,,rs373253569,
1312978,NM_203486.3(DLL3):c.531C>T (p.Arg177=),DLL3,Conflicting classifications of pathogenicity,"criteria provided, conflicting classifications",,,c.531C>T,,rs1013696397,
2872245,NM_203486.3(DLL3):c.1638C>T (p.Asn546=),DLL3,Conflicting classifications of pathogenicity,"criteria provided, conflicting classifications",,,c.1638C>T,,rs761480287,
1634107,NM_203486.3(DLL3):c.915C>T (p.Tyr305=),DLL3,Conflicting classifications of pathogenicity,"criteria provided, conflicting classifications",,,c.915C>T,,rs372702131,
260774,NM_203486.3(DLL3):c.1307G>A (p.Arg436His),DLL3,Benign/Likely benign,"criteria provided, multiple submitters, no conflicts",,,c.1307G>A,,rs199831437,
4439983,NM_203486.3(DLL3):c.1383A>T (p.Gly461=),DLL3,,,,,c.1383A>T,,,
449192,NM_203486.3(DLL3):c.805G>A (p.Gly269Arg),DLL3,Conflicting classifications of pathogenicity,"criteria provided, conflicting classifications",,,c.805G>A,,rs139297205,
426921,NM_203486.3(DLL3):c.1384G>A (p.Ala462Thr),DLL3,Benign/Likely benign,"criteria provided, multiple submitters, no conflicts",,,c.1384G>A,,rs182454962,
386780,NM_203486.3(DLL3):c.543T>C (p.Pro181=),DLL3,Benign/Likely benign,"criteria provided, multiple submitters, no conflicts",,,c.543T>C,,rs115194365,
4439984,NM_203486.3(DLL3):c.1392T>A (p.Cys464Ter),DLL3,,,,,c.1392T>A,,,
4439981,NM_203486.3(DLL3):c.409+104G>T,DLL3,,,,,NM_203486.3(DLL3):c.409+104G>T,,,
4439980,NM_203486.3(DLL3):c.70-9C>A,DLL3,,,,,NM_203486.3(DLL3):c.70-9C>A,,,
4285855,NM_203486.3(DLL3):c.1674-15TC[2],DLL3,,,,,NM_203486.3(DLL3):c.1674-15TC[2],,,
329235,NM_203486.3(DLL3):c.939G>A (p.Gly313=),DLL3,Conflicting classifications of pathogenicity,"criteria provided, conflicting classifications",,,c.939G>A,,rs150100958,
286841,NM_203486.3(DLL3):c.677C>G (p.Pro226Arg),DLL3,Conflicting classifications of pathogenicity,"criteria provided, conflicting classifications",,,c.677C>G,,rs145191532,
285283,NM_203486.3(DLL3):c.390G>A (p.Glu130=),DLL3,Benign/Likely benign,"criteria provided, multiple submitters, no conflicts",,,c.390G>A,,rs113780398,
260777,NM_203486.3(DLL3):c.1674-10C>T,DLL3,Benign/Likely benign,"criteria provided, multiple submitters, no conflicts",,,NM_203486.3(DLL3):c.1674-10C>T,,rs116099821,
260776,NM_203486.3(DLL3):c.1562C>T (p.Ser521Phe),DLL3,Benign/Likely benign,"criteria provided, multiple submitters, no conflicts",,,c.1562C>T,,rs191149379,
