cancer_type,threshold_method,threshold_value,n_eligible,n_total,pct_eligible,expression_group,dataset,is_priority_cancer,gene_symbol
ACC,median,6.88,40,79,50.6,FOLH1-High,TCGA,False,FOLH1
ACC,median,6.88,39,79,49.4,FOLH1-Low,TCGA,False,FOLH1
ACC,75th_pct,7.605,20,79,25.3,FOLH1-High,TCGA,False,FOLH1
ACC,75th_pct,7.605,59,79,74.7,FOLH1-Low,TCGA,False,FOLH1
ACC,log2tpm_2.5,2.5,76,79,96.2,FOLH1-High,TCGA,False,FOLH1
ACC,log2tpm_2.5,2.5,3,79,3.8,FOLH1-Low,TCGA,False,FOLH1
ACC,log2tpm_3.0,3.0,73,79,92.4,FOLH1-High,TCGA,False,FOLH1
ACC,log2tpm_3.0,3.0,6,79,7.6,FOLH1-Low,TCGA,False,FOLH1
BLCA,median,5.0,58,115,50.4,FOLH1-High,TCGA,True,FOLH1
BLCA,median,5.0,57,115,49.6,FOLH1-Low,TCGA,True,FOLH1
BLCA,75th_pct,6.06,30,115,26.1,FOLH1-High,TCGA,True,FOLH1
BLCA,75th_pct,6.06,85,115,73.9,FOLH1-Low,TCGA,True,FOLH1
BLCA,log2tpm_2.5,2.5,110,115,95.7,FOLH1-High,TCGA,True,FOLH1
BLCA,log2tpm_2.5,2.5,5,115,4.3,FOLH1-Low,TCGA,True,FOLH1
BLCA,log2tpm_3.0,3.0,106,115,92.2,FOLH1-High,TCGA,True,FOLH1
BLCA,log2tpm_3.0,3.0,9,115,7.8,FOLH1-Low,TCGA,True,FOLH1
BRCA,median,6.385,69,138,50.0,FOLH1-High,TCGA,True,FOLH1
BRCA,median,6.385,69,138,50.0,FOLH1-Low,TCGA,True,FOLH1
BRCA,75th_pct,7.4350000000000005,35,138,25.4,FOLH1-High,TCGA,True,FOLH1
BRCA,75th_pct,7.4350000000000005,103,138,74.6,FOLH1-Low,TCGA,True,FOLH1
BRCA,log2tpm_2.5,2.5,138,138,100.0,FOLH1-High,TCGA,True,FOLH1
BRCA,log2tpm_2.5,2.5,0,138,0.0,FOLH1-Low,TCGA,True,FOLH1
BRCA,log2tpm_3.0,3.0,137,138,99.3,FOLH1-High,TCGA,True,FOLH1
BRCA,log2tpm_3.0,3.0,1,138,0.7,FOLH1-Low,TCGA,True,FOLH1
CESC,median,3.95,52,101,51.5,FOLH1-High,TCGA,False,FOLH1
CESC,median,3.95,49,101,48.5,FOLH1-Low,TCGA,False,FOLH1
CESC,75th_pct,5.44,26,101,25.7,FOLH1-High,TCGA,False,FOLH1
CESC,75th_pct,5.44,75,101,74.3,FOLH1-Low,TCGA,False,FOLH1
CESC,log2tpm_2.5,2.5,87,101,86.1,FOLH1-High,TCGA,False,FOLH1
CESC,log2tpm_2.5,2.5,14,101,13.9,FOLH1-Low,TCGA,False,FOLH1
CESC,log2tpm_3.0,3.0,75,101,74.3,FOLH1-High,TCGA,False,FOLH1
CESC,log2tpm_3.0,3.0,26,101,25.7,FOLH1-Low,TCGA,False,FOLH1
COAD,median,4.609999999999999,73,146,50.0,FOLH1-High,TCGA,False,FOLH1
COAD,median,4.609999999999999,73,146,50.0,FOLH1-Low,TCGA,False,FOLH1
COAD,75th_pct,5.4025,37,146,25.3,FOLH1-High,TCGA,False,FOLH1
COAD,75th_pct,5.4025,109,146,74.7,FOLH1-Low,TCGA,False,FOLH1
COAD,log2tpm_2.5,2.5,138,146,94.5,FOLH1-High,TCGA,False,FOLH1
COAD,log2tpm_2.5,2.5,8,146,5.5,FOLH1-Low,TCGA,False,FOLH1
COAD,log2tpm_3.0,3.0,127,146,87.0,FOLH1-High,TCGA,False,FOLH1
COAD,log2tpm_3.0,3.0,19,146,13.0,FOLH1-Low,TCGA,False,FOLH1
GBM,median,7.225,16,32,50.0,FOLH1-High,TCGA,False,FOLH1
GBM,median,7.225,16,32,50.0,FOLH1-Low,TCGA,False,FOLH1
GBM,75th_pct,8.6025,8,32,25.0,FOLH1-High,TCGA,False,FOLH1
GBM,75th_pct,8.6025,24,32,75.0,FOLH1-Low,TCGA,False,FOLH1
GBM,log2tpm_2.5,2.5,31,32,96.9,FOLH1-High,TCGA,False,FOLH1
GBM,log2tpm_2.5,2.5,1,32,3.1,FOLH1-Low,TCGA,False,FOLH1
GBM,log2tpm_3.0,3.0,31,32,96.9,FOLH1-High,TCGA,False,FOLH1
GBM,log2tpm_3.0,3.0,1,32,3.1,FOLH1-Low,TCGA,False,FOLH1
HNSC,median,5.375,57,114,50.0,FOLH1-High,TCGA,False,FOLH1
HNSC,median,5.375,57,114,50.0,FOLH1-Low,TCGA,False,FOLH1
HNSC,75th_pct,6.8725000000000005,29,114,25.4,FOLH1-High,TCGA,False,FOLH1
HNSC,75th_pct,6.8725000000000005,85,114,74.6,FOLH1-Low,TCGA,False,FOLH1
HNSC,log2tpm_2.5,2.5,111,114,97.4,FOLH1-High,TCGA,False,FOLH1
HNSC,log2tpm_2.5,2.5,3,114,2.6,FOLH1-Low,TCGA,False,FOLH1
HNSC,log2tpm_3.0,3.0,108,114,94.7,FOLH1-High,TCGA,False,FOLH1
HNSC,log2tpm_3.0,3.0,6,114,5.3,FOLH1-Low,TCGA,False,FOLH1
KIRC,median,9.12,75,149,50.3,FOLH1-High,TCGA,True,FOLH1
KIRC,median,9.12,74,149,49.7,FOLH1-Low,TCGA,True,FOLH1
KIRC,75th_pct,9.85,38,149,25.5,FOLH1-High,TCGA,True,FOLH1
KIRC,75th_pct,9.85,111,149,74.5,FOLH1-Low,TCGA,True,FOLH1
KIRC,log2tpm_2.5,2.5,148,149,99.3,FOLH1-High,TCGA,True,FOLH1
KIRC,log2tpm_2.5,2.5,1,149,0.7,FOLH1-Low,TCGA,True,FOLH1
KIRC,log2tpm_3.0,3.0,148,149,99.3,FOLH1-High,TCGA,True,FOLH1
KIRC,log2tpm_3.0,3.0,1,149,0.7,FOLH1-Low,TCGA,True,FOLH1
KIRP,median,4.365,68,136,50.0,FOLH1-High,TCGA,False,FOLH1
KIRP,median,4.365,68,136,50.0,FOLH1-Low,TCGA,False,FOLH1
KIRP,75th_pct,6.275,34,136,25.0,FOLH1-High,TCGA,False,FOLH1
KIRP,75th_pct,6.275,102,136,75.0,FOLH1-Low,TCGA,False,FOLH1
KIRP,log2tpm_2.5,2.5,98,136,72.1,FOLH1-High,TCGA,False,FOLH1
KIRP,log2tpm_2.5,2.5,38,136,27.9,FOLH1-Low,TCGA,False,FOLH1
KIRP,log2tpm_3.0,3.0,89,136,65.4,FOLH1-High,TCGA,False,FOLH1
KIRP,log2tpm_3.0,3.0,47,136,34.6,FOLH1-Low,TCGA,False,FOLH1
LAML,median,-0.22,163,163,100.0,FOLH1-High,TCGA,False,FOLH1
LAML,median,-0.22,0,163,0.0,FOLH1-Low,TCGA,False,FOLH1
LAML,75th_pct,2.31,41,163,25.2,FOLH1-High,TCGA,False,FOLH1
LAML,75th_pct,2.31,122,163,74.8,FOLH1-Low,TCGA,False,FOLH1
LAML,log2tpm_2.5,2.5,37,163,22.7,FOLH1-High,TCGA,False,FOLH1
LAML,log2tpm_2.5,2.5,126,163,77.3,FOLH1-Low,TCGA,False,FOLH1
LAML,log2tpm_3.0,3.0,28,163,17.2,FOLH1-High,TCGA,False,FOLH1
LAML,log2tpm_3.0,3.0,135,163,82.8,FOLH1-Low,TCGA,False,FOLH1
LGG,median,7.735,61,122,50.0,FOLH1-High,TCGA,False,FOLH1
LGG,median,7.735,61,122,50.0,FOLH1-Low,TCGA,False,FOLH1
LGG,75th_pct,8.927499999999998,31,122,25.4,FOLH1-High,TCGA,False,FOLH1
LGG,75th_pct,8.927499999999998,91,122,74.6,FOLH1-Low,TCGA,False,FOLH1
LGG,log2tpm_2.5,2.5,120,122,98.4,FOLH1-High,TCGA,False,FOLH1
LGG,log2tpm_2.5,2.5,2,122,1.6,FOLH1-Low,TCGA,False,FOLH1
LGG,log2tpm_3.0,3.0,118,122,96.7,FOLH1-High,TCGA,False,FOLH1
LGG,log2tpm_3.0,3.0,4,122,3.3,FOLH1-Low,TCGA,False,FOLH1
LIHC,median,9.07,70,139,50.4,FOLH1-High,TCGA,False,FOLH1
LIHC,median,9.07,69,139,49.6,FOLH1-Low,TCGA,False,FOLH1
LIHC,75th_pct,9.98,36,139,25.9,FOLH1-High,TCGA,False,FOLH1
LIHC,75th_pct,9.98,103,139,74.1,FOLH1-Low,TCGA,False,FOLH1
LIHC,log2tpm_2.5,2.5,139,139,100.0,FOLH1-High,TCGA,False,FOLH1
LIHC,log2tpm_2.5,2.5,0,139,0.0,FOLH1-Low,TCGA,False,FOLH1
LIHC,log2tpm_3.0,3.0,137,139,98.6,FOLH1-High,TCGA,False,FOLH1
LIHC,log2tpm_3.0,3.0,2,139,1.4,FOLH1-Low,TCGA,False,FOLH1
LUAD,median,5.345000000000001,88,176,50.0,FOLH1-High,TCGA,True,FOLH1
LUAD,median,5.345000000000001,88,176,50.0,FOLH1-Low,TCGA,True,FOLH1
LUAD,75th_pct,6.4025,44,176,25.0,FOLH1-High,TCGA,True,FOLH1
LUAD,75th_pct,6.4025,132,176,75.0,FOLH1-Low,TCGA,True,FOLH1
LUAD,log2tpm_2.5,2.5,173,176,98.3,FOLH1-High,TCGA,True,FOLH1
LUAD,log2tpm_2.5,2.5,3,176,1.7,FOLH1-Low,TCGA,True,FOLH1
LUAD,log2tpm_3.0,3.0,168,176,95.5,FOLH1-High,TCGA,True,FOLH1
LUAD,log2tpm_3.0,3.0,8,176,4.5,FOLH1-Low,TCGA,True,FOLH1
LUSC,median,6.765,84,168,50.0,FOLH1-High,TCGA,False,FOLH1
LUSC,median,6.765,84,168,50.0,FOLH1-Low,TCGA,False,FOLH1
LUSC,75th_pct,8.112499999999999,42,168,25.0,FOLH1-High,TCGA,False,FOLH1
LUSC,75th_pct,8.112499999999999,126,168,75.0,FOLH1-Low,TCGA,False,FOLH1
LUSC,log2tpm_2.5,2.5,167,168,99.4,FOLH1-High,TCGA,False,FOLH1
LUSC,log2tpm_2.5,2.5,1,168,0.6,FOLH1-Low,TCGA,False,FOLH1
LUSC,log2tpm_3.0,3.0,163,168,97.0,FOLH1-High,TCGA,False,FOLH1
LUSC,log2tpm_3.0,3.0,5,168,3.0,FOLH1-Low,TCGA,False,FOLH1
OV,median,6.515,43,86,50.0,FOLH1-High,TCGA,True,FOLH1
OV,median,6.515,43,86,50.0,FOLH1-Low,TCGA,True,FOLH1
OV,75th_pct,7.275,22,86,25.6,FOLH1-High,TCGA,True,FOLH1
OV,75th_pct,7.275,64,86,74.4,FOLH1-Low,TCGA,True,FOLH1
OV,log2tpm_2.5,2.5,85,86,98.8,FOLH1-High,TCGA,True,FOLH1
OV,log2tpm_2.5,2.5,1,86,1.2,FOLH1-Low,TCGA,True,FOLH1
OV,log2tpm_3.0,3.0,85,86,98.8,FOLH1-High,TCGA,True,FOLH1
OV,log2tpm_3.0,3.0,1,86,1.2,FOLH1-Low,TCGA,True,FOLH1
PAAD,median,5.82,52,103,50.5,FOLH1-High,TCGA,False,FOLH1
PAAD,median,5.82,51,103,49.5,FOLH1-Low,TCGA,False,FOLH1
PAAD,75th_pct,6.335,26,103,25.2,FOLH1-High,TCGA,False,FOLH1
PAAD,75th_pct,6.335,77,103,74.8,FOLH1-Low,TCGA,False,FOLH1
PAAD,log2tpm_2.5,2.5,101,103,98.1,FOLH1-High,TCGA,False,FOLH1
PAAD,log2tpm_2.5,2.5,2,103,1.9,FOLH1-Low,TCGA,False,FOLH1
PAAD,log2tpm_3.0,3.0,98,103,95.1,FOLH1-High,TCGA,False,FOLH1
PAAD,log2tpm_3.0,3.0,5,103,4.9,FOLH1-Low,TCGA,False,FOLH1
PCPG,median,6.28,77,153,50.3,FOLH1-High,TCGA,False,FOLH1
PCPG,median,6.28,76,153,49.7,FOLH1-Low,TCGA,False,FOLH1
PCPG,75th_pct,7.72,39,153,25.5,FOLH1-High,TCGA,False,FOLH1
PCPG,75th_pct,7.72,114,153,74.5,FOLH1-Low,TCGA,False,FOLH1
PCPG,log2tpm_2.5,2.5,144,153,94.1,FOLH1-High,TCGA,False,FOLH1
PCPG,log2tpm_2.5,2.5,9,153,5.9,FOLH1-Low,TCGA,False,FOLH1
PCPG,log2tpm_3.0,3.0,140,153,91.5,FOLH1-High,TCGA,False,FOLH1
PCPG,log2tpm_3.0,3.0,13,153,8.5,FOLH1-Low,TCGA,False,FOLH1
PRAD,median,12.885000000000002,80,160,50.0,FOLH1-High,TCGA,True,FOLH1
PRAD,median,12.885000000000002,80,160,50.0,FOLH1-Low,TCGA,True,FOLH1
PRAD,75th_pct,14.075000000000001,40,160,25.0,FOLH1-High,TCGA,True,FOLH1
PRAD,75th_pct,14.075000000000001,120,160,75.0,FOLH1-Low,TCGA,True,FOLH1
PRAD,log2tpm_2.5,2.5,160,160,100.0,FOLH1-High,TCGA,True,FOLH1
PRAD,log2tpm_2.5,2.5,0,160,0.0,FOLH1-Low,TCGA,True,FOLH1
PRAD,log2tpm_3.0,3.0,159,160,99.4,FOLH1-High,TCGA,True,FOLH1
PRAD,log2tpm_3.0,3.0,1,160,0.6,FOLH1-Low,TCGA,True,FOLH1
SARC,median,6.01,69,135,51.1,FOLH1-High,TCGA,False,FOLH1
SARC,median,6.01,66,135,48.9,FOLH1-Low,TCGA,False,FOLH1
SARC,75th_pct,7.234999999999999,34,135,25.2,FOLH1-High,TCGA,False,FOLH1
SARC,75th_pct,7.234999999999999,101,135,74.8,FOLH1-Low,TCGA,False,FOLH1
SARC,log2tpm_2.5,2.5,124,135,91.9,FOLH1-High,TCGA,False,FOLH1
SARC,log2tpm_2.5,2.5,11,135,8.1,FOLH1-Low,TCGA,False,FOLH1
SARC,log2tpm_3.0,3.0,121,135,89.6,FOLH1-High,TCGA,False,FOLH1
SARC,log2tpm_3.0,3.0,14,135,10.4,FOLH1-Low,TCGA,False,FOLH1
SKCM,median,5.825,61,122,50.0,FOLH1-High,TCGA,False,FOLH1
SKCM,median,5.825,61,122,50.0,FOLH1-Low,TCGA,False,FOLH1
SKCM,75th_pct,7.3575,31,122,25.4,FOLH1-High,TCGA,False,FOLH1
SKCM,75th_pct,7.3575,91,122,74.6,FOLH1-Low,TCGA,False,FOLH1
SKCM,log2tpm_2.5,2.5,116,122,95.1,FOLH1-High,TCGA,False,FOLH1
SKCM,log2tpm_2.5,2.5,6,122,4.9,FOLH1-Low,TCGA,False,FOLH1
SKCM,log2tpm_3.0,3.0,110,122,90.2,FOLH1-High,TCGA,False,FOLH1
SKCM,log2tpm_3.0,3.0,12,122,9.8,FOLH1-Low,TCGA,False,FOLH1
STAD,median,5.355,66,132,50.0,FOLH1-High,TCGA,False,FOLH1
STAD,median,5.355,66,132,50.0,FOLH1-Low,TCGA,False,FOLH1
STAD,75th_pct,6.075,33,132,25.0,FOLH1-High,TCGA,False,FOLH1
STAD,75th_pct,6.075,99,132,75.0,FOLH1-Low,TCGA,False,FOLH1
STAD,log2tpm_2.5,2.5,124,132,93.9,FOLH1-High,TCGA,False,FOLH1
STAD,log2tpm_2.5,2.5,8,132,6.1,FOLH1-Low,TCGA,False,FOLH1
STAD,log2tpm_3.0,3.0,122,132,92.4,FOLH1-High,TCGA,False,FOLH1
STAD,log2tpm_3.0,3.0,10,132,7.6,FOLH1-Low,TCGA,False,FOLH1
TGCT,median,4.7,44,87,50.6,FOLH1-High,TCGA,False,FOLH1
TGCT,median,4.7,43,87,49.4,FOLH1-Low,TCGA,False,FOLH1
TGCT,75th_pct,5.984999999999999,22,87,25.3,FOLH1-High,TCGA,False,FOLH1
TGCT,75th_pct,5.984999999999999,65,87,74.7,FOLH1-Low,TCGA,False,FOLH1
TGCT,log2tpm_2.5,2.5,78,87,89.7,FOLH1-High,TCGA,False,FOLH1
TGCT,log2tpm_2.5,2.5,9,87,10.3,FOLH1-Low,TCGA,False,FOLH1
TGCT,log2tpm_3.0,3.0,70,87,80.5,FOLH1-High,TCGA,False,FOLH1
TGCT,log2tpm_3.0,3.0,17,87,19.5,FOLH1-Low,TCGA,False,FOLH1
THCA,median,5.65,80,159,50.3,FOLH1-High,TCGA,False,FOLH1
THCA,median,5.65,79,159,49.7,FOLH1-Low,TCGA,False,FOLH1
THCA,75th_pct,6.695,40,159,25.2,FOLH1-High,TCGA,False,FOLH1
THCA,75th_pct,6.695,119,159,74.8,FOLH1-Low,TCGA,False,FOLH1
THCA,log2tpm_2.5,2.5,154,159,96.9,FOLH1-High,TCGA,False,FOLH1
THCA,log2tpm_2.5,2.5,5,159,3.1,FOLH1-Low,TCGA,False,FOLH1
THCA,log2tpm_3.0,3.0,149,159,93.7,FOLH1-High,TCGA,False,FOLH1
THCA,log2tpm_3.0,3.0,10,159,6.3,FOLH1-Low,TCGA,False,FOLH1
THYM,median,2.76,61,121,50.4,FOLH1-High,TCGA,False,FOLH1
THYM,median,2.76,60,121,49.6,FOLH1-Low,TCGA,False,FOLH1
THYM,75th_pct,4.75,31,121,25.6,FOLH1-High,TCGA,False,FOLH1
THYM,75th_pct,4.75,90,121,74.4,FOLH1-Low,TCGA,False,FOLH1
THYM,log2tpm_2.5,2.5,64,121,52.9,FOLH1-High,TCGA,False,FOLH1
THYM,log2tpm_2.5,2.5,57,121,47.1,FOLH1-Low,TCGA,False,FOLH1
THYM,log2tpm_3.0,3.0,57,121,47.1,FOLH1-High,TCGA,False,FOLH1
THYM,log2tpm_3.0,3.0,64,121,52.9,FOLH1-Low,TCGA,False,FOLH1
UCEC,median,7.93,61,121,50.4,FOLH1-High,TCGA,False,FOLH1
UCEC,median,7.93,60,121,49.6,FOLH1-Low,TCGA,False,FOLH1
UCEC,75th_pct,8.95,32,121,26.4,FOLH1-High,TCGA,False,FOLH1
UCEC,75th_pct,8.95,89,121,73.6,FOLH1-Low,TCGA,False,FOLH1
UCEC,log2tpm_2.5,2.5,121,121,100.0,FOLH1-High,TCGA,False,FOLH1
UCEC,log2tpm_2.5,2.5,0,121,0.0,FOLH1-Low,TCGA,False,FOLH1
UCEC,log2tpm_3.0,3.0,121,121,100.0,FOLH1-High,TCGA,False,FOLH1
UCEC,log2tpm_3.0,3.0,0,121,0.0,FOLH1-Low,TCGA,False,FOLH1
